Name,Position,Rank 1,Rank 2,Rank 3,Rank 4,Rank 5,Rank 6,Rank 7,Rank 8,Rank 9,Rank 10
Ryan Bertrand,FB,Joseba Zaldúa,Ben Davies,Aihen Muñoz,Hiroki Sakai,Riccardo Marchizza,Lorenzo Venuti,Thomas Foket,Bastian Oczipka,Ronaël Pierre-Gabriel,Fouad Chafik
Rhys Williams,CB,Óscar Duarte,Duje Ćaleta-Car,Jorge Meré,Raúl Albiol,Davinson Sánchez,Néstor Araujo,Joakim Nilsson,Paul Baysse,Gerard Piqué,Felipe
Caitlin Foord,FW,Vivianne Miedema,Lauren James,Fran Kirby,Bethany England,Christen Press,Sam Kerr,Ellen White,Alessia Russo,Martha Thomas,Danielle Carter
Caitlin Foord,AM,Vivianne Miedema,Jordan Nobbs,Brooke Chaplen,Lauren James,Sam Kerr,Tobin Heath,Janine Beckie,Ella Toone,Claire Emslie,Pernille Harder
Abdoulaye Doucouré,MF,John Lundstram,Imran Louza,Jaime Seoane,Miha Zajc,Saša Lukić,Conor Gallagher,Rolando Mandragora,Sander Berge,Grischa Prömel,Adrien Rabiot
Abdoulaye Doucouré,AM,Josh Brownhill,Marc Cucurella,Óscar Plano,Allan Nyom,Renaud Ripart,Jóhann Berg Guðmundsson,Daniel Caligiuri,Pablo Fornals,Manu Trigueros,Yunus Musah
Ezri Konsa,CB,Angelo Ogbonna,Cala,Sebastiaan Bornauw,Jamaal Lascelles,Loïck Landre,Diego Carlos,Joaquín Fernández,Willy Boly,Luca Caldirola,Mouctar Diakhaby
Ezri Konsa,FB,Lorenzo De Silvestri,Federico Barba,Darnell Furlong,Takehiro Tomiyasu,Peter Pekarík,Charalambos Lykogiannis,Mikel Balenziaga,Dan Burn,Carlos Neva,Theodor Gebre Selassie
Séamus Coleman,FB,Pedro Pereira,Luke Thomas,Jérôme Roussillon,Mohamed Fares,George Baldock,Mario Gaspar,Mihailo Ristić,Iago,Enda Stevens,Ryan Sessegnon
Nathaniel Clyne,FB,Carlos Neva,Mikel Balenziaga,Yuto Nagatomo,Dimitri Foulquier,Juan Cruz Armada,Ximo Navarro,Antonio Barragán,Charlie Taylor,Federico Barba,Thomas Foket
Danny Ings,FW,Richarlison,Che Adams,José Luis Morales,Lucas Höler,Romain Hamouma,Neal Maupay,Randal Kolo Muani,Eldor Shomurodov,Alexandre Lacazette,Álvaro Morata
Alireza Jahanbakhsh,AM,Serge Gnabry,Phil Foden,Leroy Sané,Raphael Dias Belloli,Kingsley Coman,Sadio Mané,Ángel Di María,Florian Thauvin,Christian Pulisic,Henrikh Mkhitaryan
Jonjoe Kenny,FB,Peter Pekarík,Bartosz Bereszyński,Jérôme Hergault,Iago,Lorenzo De Silvestri,Hugo Mallo,Damián Suárez,Fabio Depaoli,Nacho Vidal,Dan Burn
Mohammed Salisu,CB,Ben Godfrey,Keven Schlotterbeck,Marin Pongračić,Dara O'Shea,Jonathan Panzo,Cristián Zapata,Yordan Osorio,Fikayo Tomori,Koffi Djidji,Semi Ajayi
Nicolás Otamendi,CB,Marlon,Stefan Savić,Robson Bambu,Pablo Marí,Jason Denayer,Raphaël Varane,William Saliba,Andreas Christensen,Hugo Guillamón,Presnel Kimpembe
Matěj Vydra,FW,Jhon Córdoba,Danny Welbeck,Callum Wilson,Florian Niederlechner,Kevin Lasagna,Jonathan David,M'Bala Nzola,Sehrou Guirassy,Randal Kolo Muani,Che Adams
John Lundstram,MF,Abdoulaye Doucouré,Toma Bašić,Grischa Prömel,Mikel Rico,Jaime Seoane,Rolando Mandragora,Uroš Račić,Josh Brownhill,Lukas Lerager,Saša Lukić
Bobby Reid,FB,Davide Zappacosta,Ivan Perišić,Marius Wolf,Thomas Delaine,Erik Durm,Silas Wamangituka,Manuel Lazzari,Mohamed Fares,Yannick Carrasco,Hans Hateboer
Bobby Reid,AM,Édgar Méndez,Jakub Jankto,Jóhann Berg Guðmundsson,Nathanael Mbuku,Óscar Plano,Luis Rioja,Yunus Musah,Takashi Inui,Antonio Puertas,Renaud Ripart
Fernandinho,MF,Rodri,Thiago Mendes,Martín Zubimendi,Florian Grillitsch,Thomas Partey,Boubacar Kamara,Pierre Højbjerg,Declan Rice,Marten de Roon,Nemanja Matić
Ethan Ampadu,CB,Tuta,Koffi Djidji,Mason Holgate,Domenico Criscito,Marco Friedl,Steven Fortes,Chris Basham,Ben White,José Luis Palomino,Jordan Torunarigha
Ethan Ampadu,MF,Renato Tapia,Dani García,Sergio Álvarez,Isaac Hayden,Fabinho,Luka Milivojević,Omar Mascarell,Jens Jønsson,Pedro Mosquera,Marshall Munetsi
Aymeric Laporte,CB,Clément Lenglet,Thiago Silva,Stefan de Vrij,Rúben Dias,David Luiz,Gerard Piqué,John Stones,Antonio Rüdiger,Raúl Albiol,Kostas Manolas
Ibrahima Diallo,MF,Haris Belkebla,Walace,Douglas Luiz,Amadou Diawara,Allan,Christoph Kramer,Romaine Sawyers,Maxime Gonalons,Charles Aránguiz,Andrés Guardado
Reece James,FB,Alfonso Pedraza,Ruben Aguilar,Zeki Çelik,Layvin Kurzawa,João Cancelo,Ben Chilwell,Dani Carvajal,Mário Rui,Luke Shaw,Theo Hernández
Wesley Fofana,CB,Diego Godín,Ozan Kabak,Marc-Oliver Kempf,Jerry St. Juste,Edmond Tapsoba,Samir Santos,Roger Ibanez,Mats Hummels,Loïc Bade,Armando Izzo
Jacob Ramsey,MF,Conor Gallagher,Saša Lukić,Jaime Seoane,Mauro Arambarri,Orel Mangala,Soualiho Meïté,John Lundstram,Rolando Mandragora,Yangel Herrera,Abdoulaye Doucouré
Nampalys Mendy,MF,Victorien Angban,Iván Marcone,Didier Ibrahim Ndong,Pedro Mosquera,Sofyan Amrabat,Jordan Ferri,Romaine Sawyers,Jacopo Petriccione,Unai Vencedor Paris,Nemanja Gudelj
James Tarkowski,CB,John Brooks,Florian Lejeune,Craig Dawson,Willy Boly,Gleison Bremer,Giangiacomo Magnani,Gary Cahill,Jannik Vestergaard,Unai Núñez,Kamil Glik
Callum Hudson-Odoi,AM,Jonathan Bamba,Yannick Carrasco,Mason Mount,Julian Brandt,Gio Reyna,Bukayo Saka,Lorenzo Pellegrini,Dejan Kulusevski,Romain Faivre,Willian
Olivier Giroud,FW,Tammy Abraham,Simone Zaza,Youssef En-Nesyri,Patrik Schick,Christian Benteke,Dominic Calvert-Lewin,Lucas Alario,Arkadiusz Milik,Nils Petersen,Luuk de Jong
Emile Smith-Rowe,AM,Steven Bergwijn,Rony Lopes,Matheus Pereira,Bersant Celina,Roberto Insigne,Emmanuel Gyasi,Roberto Soriano,Jakub Jankto,Jon Morcillo,Jonas Hofmann
Diogo Jota,FW,Moanes Dabour,Lautaro Martínez,Gabriel Jesus,Roberto Firmino,Breel Embolo,Luis Muriel,Kelechi Iheanacho,Timo Werner,Paulo Dybala,Amine Gouiri
Diogo Jota,AM,Sadio Mané,Mohamed Salah,Ferrán Torres,Hirving Lozano,Nicolas Pépé,Karl Toko Ekambi,Amine Gouiri,Musa Barrow,Munir El Haddadi,Harvey Barnes
Enda Stevens,CB,César Azpilicueta,Stefan Posch,Emre Can,Bryan Cristante,Marvin Friedrich,Rafael Tolói,Francesco Acerbi,Moussa Niakhate,Ben White,Chris Basham
Enda Stevens,FB,George Baldock,Kingsley Ehizibue,Sébastien Corchia,Ola Aina,Dan Burn,Ander Capa,Stefan Lainer,Thierry Correia,Marvin Zeegelaar,Sacha Boey
Cengiz Ünder,AM,Armand Lauriente,Leon Bailey,Leroy Sané,Adnan Januzaj,Takefusa Kubo,Moussa Diaby,Yannick Carrasco,Pedro Neto,Samuel Chukwueze,Lorenzo Insigne
Antonio Rüdiger,CB,Matthijs de Ligt,Thiago Silva,Robin Le Normand,Duje Ćaleta-Car,Gerard Piqué,Stefan de Vrij,Aymeric Laporte,Nayef Aguerd,Igor Zubeldia,Álvaro González
Kyle Bartley,CB,Ben Mee,Jamaal Lascelles,Florian Lejeune,John Egan,Angelo Ogbonna,Joaquín Fernández,Germán Sánchez,Cala,Craig Dawson,Gary Cahill
Jannik Vestergaard,CB,Damien Da Silva,Axel Disasi,John Brooks,Marcelo,Mats Hummels,Nayef Aguerd,Gleison Bremer,Diego Godín,Romain Saïss,Kurt Zouma
André Gomes,MF,Marko Rog,Jordan Ferri,James McArthur,Sofyan Amrabat,Gonzalo Villar,Douglas Luiz,Youssouf Fofana,N'Golo Kanté,Djibril Sow,Allan
Timothy Castagne,FB,Matt Doherty,Adrien Truffert,Ezgjan Alioski,Cédric Soares,Héctor Bellerín,James Justin,Romain Perraud,Andoni Gorosabel,Birger Meling,Sergio Reguilón
Daniel Amartey,CB,Manuel Gulde,Daniel Congré,Luca Ceppitelli,Toby Alderweireld,Ömer Toprak,Robin Knoche,Adam Webster,Vladimir Golemić,Eric Dier,Óscar Duarte
Ezgjan Alioski,FB,Simone Bastoni,Maxwel Cornet,Zeki Çelik,Stuart Dallas,Romain Perraud,Timothy Castagne,Marcos Acuña,Ruben Aguilar,Giovanni Di Lorenzo,Diogo Dalot
Chris Basham,CB,Rodrigo Becão,Ben White,Ethan Ampadu,Edoardo Goldaniga,Francesco Acerbi,Roger Ibanez,Domenico Criscito,Jerry St. Juste,Ben Godfrey,Marco Friedl
Phil Bardsley,FB,Cédric Brunner,Mikel Balenziaga,Juan Cruz Armada,Nacho Vidal,Aihen Muñoz,Dan Burn,Joel Ward,Rober Correa,Anderson Lucoqui,Matthew Lowton
Lucas Digne,FB,Ludwig Augustinsson,Vladimír Coufal,Matt Doherty,Christopher Lenz,Timothy Castagne,Mario Gaspar,Kieran Trippier,Serge Aurier,Pavel Kadeřábek,Daniel Brosinski
Christian Pulisic,AM,Sadio Mané,Kingsley Coman,Amine Gouiri,Phil Foden,Hirving Lozano,Serge Gnabry,Carles Pérez,Leroy Sané,Christopher Nkunku,Samuel Chukwueze
Declan Rice,MF,Mario Lemina,Tomás Rincón,Nicolas Höfler,Cheick Doucouré,Mahdi Camara,Andre-Frank Zambo Anguissa,Lassana Coulibaly,Diadie Samassékou,Yves Bissouma,Okay Yokuşlu
Andreas Christensen,CB,Victor Lindelöf,Marlon,Néstor Araujo,Raúl Albiol,Stefan de Vrij,Eric Bailly,Dominique Heintz,Jérôme Boateng,Jorge Meré,Presnel Kimpembe
Dara O'Shea,CB,Julien Laporte,Joakim Nilsson,Luca Ceppitelli,Keven Schlotterbeck,Cheikhou Kouyaté,Koray Günter,Felipe,Erick Cabaco,Cristián Zapata,Paulo Oliveira
Dara O'Shea,FB,Joel Ward,Nacho Vidal,Juan Cruz Armada,Isaac Carcelen,Cédric Brunner,Charles Traore,Alfonso Espino,Anderson Lucoqui,Ximo Navarro,Mikel Balenziaga
Theo Walcott,AM,Bobby Reid,Nathanael Mbuku,Édgar Méndez,Moses Simon,Jakub Jankto,Takashi Inui,Antonio Puertas,Jarrod Bowen,Dodi Lukebakio,Portu
Erik Pieters,FB,Matty Cash,Pedro Pereira,Iago,Fabio Depaoli,Juan Miranda,Alfonso Espino,Nacho Vidal,Lucas Olaza,Raphael Framberger,Kingsley Ehizibue
Erik Pieters,AM,Josh Brownhill,Allan Nyom,Marc Cucurella,Óscar Plano,Yunus Musah,Tete Morente,Bobby Reid,Rubén García,Daniel Caligiuri,Jóhann Berg Guðmundsson
Rodrigo,MF,Christoph Baumgartner,Antonín Barák,Alexis Claude-Maurice,Houssem Aouar,Piotr Zieliński,Giacomo Bonaventura,Lorenzo Pellegrini,Florian Wirtz,Nolito,Kevin De Bruyne
Rodrigo,FW,Moanes Dabour,Alassane Pléa,Alexandre Lacazette,Álvaro Morata,Dries Mertens,Florian Sotoca,Ollie Watkins,Gerard Moreno,Rodrigo Palacio,Ihlas Bebou
Çağlar Söyüncü,CB,Sven Botman,Aritz Elustondo,Adam Webster,Pablo Marí,Jonathan Tah,Rob Holding,Robin Knoche,Hugo Guillamón,Marcelo,Raphaël Varane
Harry Kane,FW,Gerard Moreno,Edin Džeko,Zlatan Ibrahimović,Duván Zapata,Álvaro Morata,Andrea Belotti,Andy Delort,Michail Antonio,Alassane Pléa,André Silva
Matty Cash,FB,Raphael Framberger,Alfonso Espino,Fábio,Nacho Vidal,Juan Miranda,Dennis Appiah,Isaac Carcelen,Kingsley Ehizibue,Joel Ward,Charles Traore
Ola Aina,CB,Francesco Acerbi,Moussa Niakhate,Marvin Friedrich,Óscar Mingueza,Emre Can,Marco Friedl,Mario Hermoso,Edoardo Goldaniga,Takehiro Tomiyasu,Roger Ibanez
Ola Aina,FB,Matthew Lowton,Federico Barba,Enda Stevens,Lucas Olaza,Takehiro Tomiyasu,Ximo Navarro,Rober Correa,Thierry Correia,Jorge Miramón,Sead Kolašinac
Moussa Djenepo,AM,Yunus Musah,Marc Cucurella,Ander Barrenetxea,Aitor Ruibal,Daniel Caligiuri,Tete Morente,Renaud Ripart,Ritsu Doan,Óscar Plano,Luis Rioja
Bernd Leno,GK,Gianluigi Donnarumma,Anthony Lopes,Pau López,David Ospina,Edouard Mendy,Marc-André ter Stegen,Alfred Gomis,Alisson,Yassine Bounou,Pierluigi Gollini
Ashley Barnes,FW,Jaime Mata,Sebastian Andersson,Jonathan Calleri,Luuk de Jong,Mama Samba Baldé,Kike,Roberto Soldado,Joselu,Rafa Mir,Enes Ünal
Manuel Lanzini,AM,Moi Gómez,Steven Bergwijn,Martin Ødegaard,Alexis Saelemaekers,Antonín Barák,Jakub Jankto,Miguel Almirón,Pablo Fornals,Sofiane Diop,Stuart Armstrong
Aaron Connolly,FW,Kasper Dolberg,Kévin Gameiro,Hwang Ui-jo,Moussa Koné,Roger Martí,Dani Gómez,Giovanni Simeone,Florian Niederlechner,Shon Weissman,Jay Rodriguez
Mateusz Klich,MF,Manu Trigueros,Pascal Groß,Nicolò Barella,Valon Berisha,Mason Mount,Nadiem Amiri,Răzvan Marin,Kerem Demirbay,Lorenzo Pellegrini,Joan Jordán
Lewis Dunk,CB,Aïssa Mandi,Leonardo Bonucci,Sergio Ramos,Guillermo Maripán,David Luiz,Axel Disasi,Dedryck Boyata,Matthijs de Ligt,Diego Carlos,Marquinhos
Antonee Robinson,FB,Jorge Miramón,Fabien Centonze,Ander Capa,Muzinga Ngonda,Noah Katterbach,Paulo Otávio,Luke Ayling,Stefan Lainer,Hassane Kamara,Carlos Clerc
Tim Ream,CB,Jason Denayer,Conor Coady,Luca Marrone,Simone Iacoponi,Robson Bambu,Bram Nuytinck,Marlon,Presnel Kimpembe,Stefan Savić,Sebastian Walukiewicz
Conor Coady,CB,Jason Denayer,Stefan Savić,Luca Marrone,Marcos Mauro López Gutiérrez,Stefan Mitrović,Bruno González,Dani Calvo,Víctor Ruiz,Mouctar Diakhaby,Pablo Insua
Juan Mata,AM,Dimitri Payet,Willian,Sergio Canales,Jadon Sancho,Jack Grealish,Adnan Januzaj,Thorgan Hazard,Roberto Insigne,Piotr Zieliński,Suso
Michy Batshuayi,FW,João Pedro,Roger Martí,Sergi Guardiola,Che Adams,Oliver Burke,Matěj Vydra,Habib Diallo,Kévin Gameiro,José Luis Morales,Jay Rodriguez
Moussa Sissoko,MF,Iván Marcone,Victorien Angban,Haris Belkebla,Nemanja Radoja,Didier Ibrahim Ndong,Tom Davies,Dani García,Pedro Mosquera,Jack Cork,Ander Guevara
Allan Saint-Maximin,FW,Franck Ribéry,Lucas Pérez,Wilfried Zaha,João Félix,Iago Aspas,Ondrej Duda,Amine Gouiri,Ángel Correa,Goran Pandev,Junior Messias
Allan Saint-Maximin,AM,Pedro Neto,Willian,Angelo Fulgini,Suso,Moussa Diaby,Papu Gómez,Armand Lauriente,Adama Traoré,Piotr Zieliński,Gonçalo Guedes
Mario Lemina,MF,Yves Bissouma,Mickael Malsa,Lassana Coulibaly,Declan Rice,Guido Rodríguez,Mahdi Camara,Nicolas Höfler,Pape Gueye,Cheick Doucouré,Pape Matar Sarr
Lucas Moura,AM,Jack Harrison,Renato Steffen,Mikkel Damsgaard,Álex Berenguer,Hamed Junior Traorè,Kike Barja,Nathan Redmond,Aitor Ruibal,Matheus Pereira,Jorge de Frutos
Ciaran Clark,CB,Felipe,Keven Schlotterbeck,Ivan Radovanović,Joakim Nilsson,Paulo Oliveira,Jamaal Lascelles,Ohis Felix Uduokhai,Yeray Álvarez,Aridane Hernández,Bruno González
Axel Tuanzebe,CB,Simone Iacoponi,Luca Marrone,Jason Denayer,Bram Nuytinck,Robson Bambu,Luiz Felipe,Makoto Hasebe,Fikayo Tomori,Sebastian Walukiewicz,Presnel Kimpembe
Anthony Gordon,AM,Yunus Musah,Tete Morente,Andros Townsend,Theo Walcott,Miguel Almirón,Aitor Ruibal,Antonio Puertas,Marc Cucurella,Eric Junior Dina Ebimbe,Daniel Caligiuri
Eric García,CB,Clément Lenglet,Rúben Dias,Manuel Akanji,Igor Zubeldia,Aymeric Laporte,John Stones,Alessandro Bastoni,Milan Škriniar,Kalidou Koulibaly,Jorge Pulido
Alexis Sánchez,FW,Gabriel Jesus,Roberto Firmino,Dries Mertens,Luis Muriel,Paulo Dybala,Ángel Correa,Amine Gouiri,Wissam Ben Yedder,Moanes Dabour,Antoine Griezmann
Luka Milivojević,MF,Nicolas Höfler,Mickael Malsa,Manuel Prietl,Morgan Schneiderlin,Douglas Luiz,Pape Gueye,Oliver Norwood,Harrison Reed,Christoph Kramer,Diadie Samassékou
Ozan Kabak,CB,Ohis Felix Uduokhai,Julian Chabot,Yunis Abdelhamid,Kevin Bonifazi,Diego Godín,Federico Ceccherini,Wesley Fofana,Amos Pieper,Keven Schlotterbeck,Rob Holding
Andrew Robertson,FB,Leo Dubois,Jesús Navas,Pavel Kadeřábek,Jordi Alba,Luke Shaw,Juan Cuadrado,Trent Alexander-Arnold,Thomas Meunier,Raphaël Guerreiro,Borna Sosa
Harry Winks,MF,Matteo Ricci,Thiago Mendes,Leandro Paredes,Moreto Cassamã,Marten de Roon,Amadou Diawara,Pasquale Schiattarella,Oliver Norwood,Granit Xhaka,Étienne Capoue
James Milner,MF,Ander Herrera,Benjamin André,Florian Grillitsch,Remo Freuler,Fernandinho,Rodrigo Bentancur,Koke,Andre-Frank Zambo Anguissa,Tyler Adams,Manuel Locatelli
Alphonse Areola,GK,Alfred Gomis,Juan Musso,David de Gea,Marwin Hitz,Alessio Cragno,Illan Meslier,Roman Bürki,Jonas Omlin,Steve Mandanda,Emiliano Martínez
Rhian Brewster,FW,Josh Sargent,Lucas Boyé,Oliver Burke,Shon Weissman,Roger Martí,Oliver McBurnie,Jay Rodriguez,Sergi Guardiola,Jordan Ayew,Eldor Shomurodov
Jack O'Connell,CB,Jesús Vallejo,Simone Iacoponi,Scott Dann,Stefan Savić,Ciaran Clark,Ohis Felix Uduokhai,Luca Ceppitelli,Keven Schlotterbeck,Ivan Radovanović,Federico Fernández
Rúben Dias,CB,John Stones,Leonardo Bonucci,Gerard Piqué,Aymeric Laporte,Thiago Silva,Milan Škriniar,Guillermo Maripán,Giorgio Chiellini,Kostas Manolas,Clément Lenglet
Phil Jagielka,CB,Bruno González,Ivan Radovanović,Djené,Aridane Hernández,Jesús Vallejo,Bram Nuytinck,Federico Fernández,Dara O'Shea,Nicolas Nkoulou,Felipe
Jeffrey Schlupp,AM,Óscar Plano,Antonio Puertas,Kenedy,Renaud Ripart,Aitor Ruibal,Daniel Caligiuri,Luis Rioja,Tete Morente,Rubén García,Bobby Reid
Sergio Reguilón,FB,Renan Lodi,James Justin,Adrien Truffert,Luke Thomas,Ryan Sessegnon,Zeki Çelik,Serge Aurier,Mert Müldür,Álex Moreno,Romain Perraud
Edouard Mendy,GK,Yassine Bounou,Thibaut Courtois,Mike Maignan,Gianluigi Donnarumma,David Ospina,Keylor Navas,Bernd Leno,Ederson,Samir Handanović,Roman Bürki
Raphael Dias Belloli,AM,Yannick Carrasco,Domenico Berardi,Gareth Bale,Lorenzo Pellegrini,Vincenzo Grifo,Matheus Cunha,Henrikh Mkhitaryan,Jack Harrison,Daichi Kamada,Leroy Sané
James Ward-Prowse,MF,Maximilian Arnold,Rúben Neves,Jonjo Shelvey,Casemiro,Xeka,Thomas Mangani,Ángel Montoro,Erick Pulgar,Marcelo Brozović,Maximilian Eggestein
Ben White,CB,Domenico Criscito,Tuta,Mason Holgate,Niklas Stark,Simone Iacoponi,Sebastiano Luperto,Rodrigo Becão,Waldemar Anton,Chris Basham,Koffi Djidji
Ben White,MF,Tomás Pina Isla,Dani García,Iván Marcone,Moussa Sissoko,Pedro Mosquera,Tobias Strobl,Nemanja Gudelj,Marshall Munetsi,Rodrigo Battaglia,Haris Belkebla
Fabián Balbuena,CB,Keven Schlotterbeck,Sebastien De Maio,Jamaal Lascelles,Daniel Congré,Sebastiaan Bornauw,Lorenzo Tonelli,Romain Thomas,Pedro Bigas,Nicolas Pallois,John Egan
Alex McCarthy,GK,Joel Robles,Steve Mandanda,Iván Villar,Mathew Ryan,Fernando Pacheco,Ivan Provedel,Rubén Blanco,Lorenzo Montipò,Kevin Trapp,Álvaro Fernández
Jonjo Shelvey,MF,Abdoulaye Touré,Ángel Montoro,James Ward-Prowse,Carlos Soler,Nahuel Estévez,Bryan Cristante,John McGinn,Florent Mollet,Maximilian Arnold,Ashley Westwood
Alex Oxlade-Chamberlain,MF,Florian Wirtz,Piotr Zieliński,Houssem Aouar,Lorenzo Pellegrini,Nadiem Amiri,Alexis Claude-Maurice,Kevin De Bruyne,Sergio Canales,Florent Mollet,Antonín Barák
Leandro Trossard,FW,Musa Barrow,Wilfried Zaha,Amine Gouiri,Romain Hamouma,Ondrej Duda,Junior Messias,Ángel Correa,Franck Ribéry,Iago Aspas,José Luis Morales
Leandro Trossard,AM,Josip Brekalo,Diego Farias,Gianluca Caprari,Daniel Podence,Gonçalo Guedes,Mikel Oyarzabal,Ademola Lookman,Ayoze Pérez,Takefusa Kubo,Bukayo Saka
Aleksandar Mitrović,FW,Andrea Belotti,Andrea Petagna,Matěj Vydra,Sasa Kalajdzic,Florian Sotoca,Gianluca Lapadula,Sehrou Guirassy,Ollie Watkins,Neal Maupay,Timo Werner
Sead Kolašinac,CB,Bryan Cristante,Francesco Acerbi,Alessandro Bastoni,Edoardo Goldaniga,David Alaba,Ștefan Radu,Martín Cáceres,Emre Can,Rafael Tolói,Berat Djimsiti
Sead Kolašinac,FB,Riccardo Marchizza,Adam Marušić,Ola Aina,Hassane Kamara,Rick Karsdorp,Jordan Lotomba,Souleyman Doumbia,Youssouf Sabaly,George Baldock,Rogério
George Baldock,FB,Enda Stevens,Riccardo Marchizza,Aarón Martín,Dimitri Foulquier,Jérôme Roussillon,Séamus Coleman,Fabio Depaoli,Lorenzo Venuti,Marvin Zeegelaar,Jamal Lewis
Ross Barkley,MF,Piotr Zieliński,Houssem Aouar,Giacomo Bonaventura,Sergio Canales,Nadiem Amiri,Alexis Claude-Maurice,Florent Mollet,Seko Fofana,David Silva,Florian Wirtz
Ross Barkley,AM,Angelo Fulgini,Piotr Zieliński,Sergio Canales,Farid Boulaya,Suso,Diego Farias,Pedro Neto,Rony Lopes,Daniel Podence,Federico Bernardeschi
Martin Dúbravka,GK,Anthony Racioppi,Roberto,Matthieu Dreyer,Vicente Guaita,Mattia Perin,Salvatore Sirigu,Jonas Omlin,Bartłomiej Drągowski,Paul Bernardoni,Łukasz Fabiański
Trézéguet,AM,Denis Bouanga,Richarlison,Édgar Méndez,Niclas Eliasson,Ruben Vargas,Christoph Baumgartner,Ritsu Doan,Álex Berenguer,Renaud Ripart,Robin Quaison
Vitinha,AM,Martin Ødegaard,Denis Suárez,Alexis Saelemaekers,Stuart Armstrong,Bersant Celina,Manu Trigueros,David Ferreiro,Steven Bergwijn,Eberechi Eze,Rony Lopes
Ederson,GK,Marc-André ter Stegen,David Ospina,Mike Maignan,Pau López,Edouard Mendy,Anthony Lopes,Yassine Bounou,Manuel Neuer,Pierluigi Gollini,Dean Henderson
Moise Kean,FW,Alexander Isak,Hwang Ui-jo,Dušan Vlahović,Terem Moffi,Kevin Lasagna,Paco Alcácer,Moussa Koné,Erling Haaland,Jhon Córdoba,Jean-Philippe Mateta
Craig Dawson,CB,Ben Mee,Romain Saïss,Giangiacomo Magnani,James Tarkowski,Florian Lejeune,Kyle Bartley,Gary Cahill,Ezri Konsa,Angelo Ogbonna,Joaquín Fernández
Harvey Barnes,AM,Ferrán Torres,Karl Toko Ekambi,Amine Gouiri,Nicolas Pépé,Anwar El Ghazi,Munir El Haddadi,Marco Asensio,Samuel Chukwueze,Roland Sallai,Musa Barrow
Bernardo Silva,MF,Nadiem Amiri,David Silva,Sergio Canales,Piotr Zieliński,Florian Wirtz,Houssem Aouar,İlkay Gündoğan,Kevin De Bruyne,Luis Alberto,Seko Fofana
Bernardo Silva,FW,Franck Ribéry,Ángel Correa,Ondrej Duda,Iago Aspas,Wilfried Zaha,Jordan Ayew,Romain Hamouma,Junior Messias,Amine Gouiri,Musa Barrow
Bernardo Silva,AM,Gio Reyna,Julian Brandt,Willian,Rodrygo,Martin Ødegaard,Ademola Lookman,Gaël Kakuta,Bryan,Jeremy Doku,Steven Bergwijn
Darnell Furlong,FB,Charalambos Lykogiannis,Lorenzo De Silvestri,Iago,Rober Correa,Dan Burn,Nacho Vidal,Lucas Olaza,Oscar Wendt,Rubén Duarte,Charlie Taylor
Shkodran Mustafi,CB,Adam Webster,Dimitris Siovas,John Brooks,Óscar Duarte,Yerry Mina,David García,Kurt Zouma,Omar Colley,Nathaniel Phillips,Gabriel Dos Santos
Paul Dummett,CB,Aridane Hernández,Joaquín Fernández,Ciaran Clark,Keven Schlotterbeck,Felipe,Joakim Nilsson,Jean-Charles Castelletto,Danilo Larangeira,Daniel Congré,Issa Diop
Aboubakar Kamara,FW,Ondrej Duda,Sergi Guardiola,Joelinton,Romain Hamouma,Jordan Ayew,David McGoldrick,Josh Sargent,Raúl Jiménez,Junior Messias,Lucas Boyé
Jan Bednarek,CB,Robin Knoche,Luca Ceppitelli,Julien Laporte,Sergio Postigo,Felipe,Koray Günter,Jorge Meré,Paulo Oliveira,Yeray Álvarez,Andrew Gravillon
Luke Ayling,CB,Stefan Posch,César Azpilicueta,Emre Can,Rafael Tolói,Domenico Criscito,Óscar Mingueza,Francesco Acerbi,Niklas Süle,Bryan Cristante,Mario Hermoso
Luke Ayling,FB,Wendell,Reinildo Mandava,Enda Stevens,Joël Veltman,Fabien Centonze,James Justin,Muzinga Ngonda,Hugo Mallo,Maximilian Mittelstädt,Kyle Walker-Peters
Oliver Norwood,MF,Luka Milivojević,Morgan Schneiderlin,Dani García,João Moutinho,Harrison Reed,Thomas Mangani,Pedro Mosquera,Étienne Capoue,Harry Winks,Pedro Chirivella
Joshua King,FW,Jordan Ayew,Franck Ribéry,Romain Hamouma,Wilfried Zaha,Ángel Correa,Oliver Burke,Neal Maupay,Jay Rodriguez,Ondrej Duda,Danny Ings
Divock Origi,FW,M'Bala Nzola,Kévin Gameiro,Oliver Burke,Jay Rodriguez,Lois Diony,Lucas Höler,Neal Maupay,Stefano Okaka,Ángel Correa,Roger Martí
Demarai Gray,AM,Leon Bailey,Kylian Mbappé,Lionel Messi,Kingsley Coman,Neymar,Moussa Diaby,Adnan Januzaj,Ousmane Dembélé,Leroy Sané,Riyad Mahrez
Ben Davies,CB,Francesco Acerbi,Moussa Niakhate,Chris Basham,César Azpilicueta,Ștefan Radu,Patric,Marco Friedl,Stefan Posch,Berat Djimsiti,Ben White
Ben Davies,FB,Aihen Muñoz,Ryan Bertrand,Hiroki Sakai,Joseba Zaldúa,Loris Benito,Luca Vignali,Rober Correa,Fouad Chafik,José Ángel,Carlos Clerc
Rúben Neves,MF,James Ward-Prowse,Gastón Brugman,Mahmoud Dahoud,Wataru Endo,Pape Gueye,Thiago Mendes,Oriol Romeu,Habib Maïga,Fred,Sandro Tonali
Jamaal Lascelles,CB,Ciaran Clark,Ben Mee,Mouctar Diakhaby,John Egan,Ezri Konsa,Angelo Ogbonna,Germán Sánchez,Dani Calvo,Xabier Etxeita,Kyle Bartley
Mathew Ryan,GK,Steve Mandanda,Rubén Blanco,Jessy Moulin,Marwin Hitz,Alex McCarthy,Yann Sommer,Pepe Reina,Álvaro Fernández,Bartłomiej Drągowski,Lorenzo Montipò
Jamie Vardy,FW,Erling Haaland,Florian Niederlechner,Asier Villalibre,Kevin Lasagna,Jean-Philippe Mateta,Gianluca Lapadula,Patrik Schick,Wout Weghorst,Darío Benedetto,Callum Wilson
Jorginho,MF,Harrison Reed,Adrien Silva,N'Golo Kanté,Jordan Ferri,Sergio Busquets,Djibril Sow,Charles Aránguiz,Sebastian Rode,Fred,Rodrigo Bentancur
Aaron Ramsdale,GK,Roberto,Alban Lafont,Sam Johnstone,Bartłomiej Drągowski,Jordi Masip,Lorenzo Montipò,Jean-Louis Leca,Marko Dmitrović,Vicente Guaita,Anthony Racioppi
Kieran Gibbs,FB,Joel Ward,Juan Cruz Armada,Mikel Balenziaga,Carlos Neva,Yuto Nagatomo,Ximo Navarro,Loris Benito,Charlie Taylor,Isaac Carcelen,Martin Agirregabiria
Josh Brownhill,MF,Lucas Torró,Nemanja Maksimović,Papakouli Diop,Tobias Strobl,Grischa Prömel,Artur Ioniță,Lucas Tousart,Uroš Račić,Jens Jønsson,John Lundstram
Josh Brownhill,AM,Allan Nyom,Marc Cucurella,Óscar Plano,Jóhann Berg Guðmundsson,Renaud Ripart,Salvi,Yunus Musah,Tete Morente,Rubén García,Pablo Fornals
Mohamed Elneny,MF,Andrés Guardado,Iván Marcone,Amadou Diawara,Moussa Sissoko,Nampalys Mendy,Granit Xhaka,Moreto Cassamã,Nemanja Gudelj,Harry Winks,Steven Nzonzi
Jordan Pickford,GK,Sergio Asenjo,Emiliano Martínez,Stefan Ortega,Alban Lafont,Unai Simón,Dean Henderson,Rafał Gikiewicz,Predrag Rajković,Robert Sánchez,Alexander Schwolow
Martinelli,AM,Tino Kadewere,Marcus Thuram,Denis Bouanga,Ferrán Torres,Karl Toko Ekambi,Hirving Lozano,Christian Pulisic,Ruben Vargas,Matheus Cunha,Ante Rebić
Ashley Westwood,MF,Pasquale Schiattarella,Ángel Montoro,Sandro Tonali,Jacopo Petriccione,Harry Winks,Jonjo Shelvey,Matteo Ricci,Thomas Mangani,João Moutinho,Maximilian Eggestein
Timo Werner,FW,Ciro Immobile,Wissam Ben Yedder,Gabriel Jesus,Robert Lewandowski,Kelechi Iheanacho,Alassane Pléa,Joaquín Correa,Antoine Griezmann,Paulo Dybala,Anthony Martial
Timo Werner,AM,Mohamed Salah,Kylian Mbappé,Raheem Sterling,Karl Toko Ekambi,Son Heung-min,Antoine Griezmann,Moussa Diaby,Sadio Mané,Ante Rebić,Kevin Volland
Jay Rodriguez,FW,Oliver Burke,Enes Ünal,Josh Sargent,Eldor Shomurodov,Jonathan Calleri,Joelinton,David McGoldrick,Che Adams,Roger Martí,Sergi Guardiola
Nick Pope,GK,Alexandre Oukidja,David Soria,Sergio Herrera,Dean Henderson,Jordan Pickford,Mike Maignan,Emiliano Martínez,Alban Lafont,Jeremías Ledesma,Jasper Cillessen
Oriol Romeu,MF,Marten de Roon,Pape Gueye,João Moutinho,Boubacar Kamara,Luka Milivojević,Tyler Adams,Andrés Guardado,Miguel Veloso,Ander Guevara,Thomas Partey
Neal Maupay,FW,Jonathan David,Wilfried Zaha,Alexandre Lacazette,Ollie Watkins,Breel Embolo,Irvin Cardona,Danny Ings,José Luis Morales,Antoine Griezmann,Dries Mertens
Neal Maupay,AM,Portu,Ferrán Torres,Robin Quaison,Pierre-Emerick Aubameyang,José Luis Morales,Munir El Haddadi,Kevin Volland,Richarlison,João Pedro,Timo Werner
Roberto Firmino,FW,Amine Gouiri,Alexis Sánchez,Paulo Dybala,Joaquín Correa,Antoine Griezmann,Ángel Correa,Gabriel Jesus,Timo Werner,Anthony Martial,Breel Embolo
Sergio Agüero,FW,Jonathan David,Neal Maupay,Antoine Griezmann,Kevin Lasagna,Burak Yılmaz,Francesco Caputo,Jhon Córdoba,Kévin Gameiro,Irvin Cardona,Matěj Vydra
Conor Townsend,FB,Lucas Olaza,Miguel Trauco,Rubén Duarte,Rafa Soares,Vincent Le Goff,Vladimír Coufal,Sébastien Corchia,Matthew Lowton,Jorge Miramón,Juan Miranda
Chris Wood,FW,Dominic Calvert-Lewin,Sebastian Andersson,Asier Villalibre,Jean-Philippe Mateta,Nikola Kalinić,Tammy Abraham,Simone Zaza,Fabio Quagliarella,Rafa Mir,Dušan Vlahović
Kalvin Phillips,MF,Harrison Reed,Kevin Strootman,Erick Pulgar,Thomas Mangani,Milan Badelj,Gastón Brugman,Adrien Silva,Djibril Sow,Luka Milivojević,Oliver Norwood
Aaron Cresswell,CB,Martín Cáceres,Alessandro Bastoni,Patric,Edoardo Goldaniga,Ștefan Radu,David Alaba,Gian Marco Ferrari,Kevin Vogt,Matthias Ginter,Leonardo Bonucci
Aaron Cresswell,FB,Daniel Brosinski,Marvin Plattenhardt,Kenny Lala,Christopher Trimmel,Lucas Olaza,Antonio Barragán,Miguel Trauco,Vladimír Coufal,Jesús Navas,Christian Günter
Curtis Jones,MF,Fabián Ruiz Peña,İlkay Gündoğan,David Silva,Joshua Kimmich,Frenkie de Jong,Bernardo Silva,Rafinha,Florian Neuhaus,Lorenzo Pellegrini,Nicolò Barella
Bruno Fernandes,AM,Ángel Di María,Domenico Berardi,Dani Olmo,Hakan Çalhanoğlu,Thomas Müller,Hakim Ziyech,Pablo Sarabia,Lorenzo Pellegrini,Ruslan Malinovskyi,Daichi Kamada
Donny van de Beek,MF,Răzvan Marin,Tanguy Ndombele,Óliver Torres,Karol Linetty,Roberto Pereyra,Marcos Llorente,Seko Fofana,Mikel Rico,Federico Valverde,Giacomo Bonaventura
Jean-Philippe Mateta,FW,Dominic Calvert-Lewin,Chris Wood,Dušan Vlahović,Patrik Schick,Sehrou Guirassy,Asier Villalibre,Alexander Isak,Jamie Vardy,Lucas Alario,Tammy Abraham
Nathaniel Phillips,CB,Benoît Mukinayi,Maxence Lacroix,Shkodran Mustafi,John Brooks,Nayef Aguerd,Brendan Chardonnet,Berat Djimsiti,Marquinhos,Harry Maguire,Marcelo
Oleksandr Zinchenko,FB,Hamari Traoré,Benjamin Pavard,Mário Rui,Alex Sandro,Danilo,Daniel Wass,Patrick van Aanholt,Giovanni Di Lorenzo,Elseid Hysaj,César Azpilicueta
Scott Dann,CB,Bruno Alves,Yeray Álvarez,Mouctar Diakhaby,Dimitris Siovas,Marc Bartra,Ezri Konsa,José María Giménez,Federico Ceccherini,Ciaran Clark,Cheikhou Kouyaté
Benjamin Mendy,FB,Youssouf Sabaly,Hassane Kamara,Héctor Bellerín,Rogério,Jonathan Schmid,Mert Müldür,Rubén Peña,Kyle Walker,Yuri Berchiche,Ander Capa
Edinson Cavani,FW,Patrick Bamford,Borja Mayoral,Paco Alcácer,Terem Moffi,Burak Yılmaz,Alexandre Lacazette,Victor Osimhen,Arkadiusz Milik,Jonathan David,Erling Haaland
Thomas Partey,MF,Ismaël Bennacer,Fernandinho,Pierre Højbjerg,Oriol Romeu,Youssouf Fofana,Yves Bissouma,Marten de Roon,Leandro Paredes,Boubacar Kamara,Declan Rice
Kasper Schmeichel,GK,Jessy Moulin,Marwin Hitz,Andreas Luthe,Claudio Bravo,Bartłomiej Drągowski,David de Gea,Álex Remiro,Paul Bernardoni,Thomas Strakosha,Mathew Ryan
César Azpilicueta,CB,Berat Djimsiti,Emre Can,Óscar Mingueza,Francesco Acerbi,Marcel Halstenberg,Bryan Cristante,Stefan Posch,David Alaba,Rafael Tolói,Dayot Upamecano
César Azpilicueta,FB,Mario Gaspar,Lucas Hernández,Emerson,Benjamin Pavard,Ezgjan Alioski,Christopher Lenz,Timothy Castagne,Serge Aurier,Hugo Mallo,Diogo Dalot
Youri Tielemans,MF,Nicolò Barella,Unai López,Răzvan Marin,Ángel Montoro,Manu Trigueros,Florian Neuhaus,Jordan Veretout,Koke,Imran Louza,John McGinn
Arthur Masuaku,FB,Matthieu Udol,Giuseppe Pezzella,Cristian Ansaldi,Luke Shaw,Cédric Soares,Rayan Aït Nouri,Kenny Lala,Marcos Acuña,Gabriele Zappa,Leo Dubois
Nicolas Pépé,AM,Amine Gouiri,Karl Toko Ekambi,Harvey Barnes,Munir El Haddadi,Sadio Mané,Marcus Thuram,Yoane Wissa,Diogo Jota,Leon Bailey,Ferrán Torres
Mason Greenwood,FW,João Félix,Joaquín Correa,Amine Gouiri,Wilfried Zaha,Neal Maupay,Jonathan David,José Luis Morales,Alassane Pléa,Musa Barrow,Felipe Caicedo
Mason Greenwood,AM,Gervinho,Anwar El Ghazi,Marco Asensio,Raheem Sterling,Brahim Díaz,Diego Farias,Munir El Haddadi,Jeremie Boga,Mohamed Salah,Ferrán Torres
Dominic Calvert-Lewin,FW,Chris Wood,Sebastian Andersson,Jean-Philippe Mateta,Rafa Mir,Tammy Abraham,Christian Benteke,Florian Niederlechner,Simone Zaza,Ante Budimir,Youssef En-Nesyri
Saïd Benrahma,AM,Takefusa Kubo,Armand Lauriente,Yannick Carrasco,Ademola Lookman,Federico Chiesa,Nicola Sansone,Rodrygo,Federico Bernardeschi,Lorenzo Pellegrini,Romain Faivre
Kevin Long,CB,Jamaal Lascelles,Keven Schlotterbeck,Felipe,Erick Cabaco,Paulo Oliveira,Cheikhou Kouyaté,Sebastien De Maio,Davinson Sánchez,Joakim Nilsson,Mouctar Diakhaby
Leander Dendoncker,CB,Gleison Bremer,Rafael Tolói,Romain Saïss,Marvin Friedrich,Nikola Milenković,Martin Hinteregger,Cristian Romero,Armando Izzo,Samir Santos,Amir Rrahmani
Leander Dendoncker,MF,Morten Thorsby,Saúl Ñíguez,Vicente Iborra,Nemanja Maksimović,Rubén Alcaraz,Marco Parolo,Josh Brownhill,Jon Moncayola,Lucas Tousart,Tomáš Souček
Serge Aurier,FB,Diogo Dalot,Ryan Sessegnon,Sergio Reguilón,Hugo Mallo,Mario Gaspar,Zeki Çelik,James Justin,Lucas Hernández,Christopher Lenz,Birger Meling
Tyrick Mitchell,FB,Charles Traore,Alfonso Espino,Isaac Carcelen,Ximo Navarro,Anderson Lucoqui,Phillipp Mwene,Cédric Brunner,Joel Ward,Bartosz Bereszyński,Nacho Vidal
Tanguy Ndombele,MF,Óliver Torres,Remo Freuler,Federico Valverde,Marco Verratti,Mahmoud Dahoud,Dani Ceballos,Nicolò Barella,Răzvan Marin,Adrien Rabiot,Koke
Tanguy Ndombele,AM,Alex Iwobi,Denis Suárez,Rubén Rochina,Andros Townsend,Daniel Caligiuri,Eberechi Eze,Stuart Armstrong,Manu Trigueros,Moi Gómez,Ridle Baku
Frederic Guilbert,FB,Paulo Otávio,Maximilian Mittelstädt,Arkadiusz Reca,Matthieu Udol,Diogo Dalot,Mathieu Debuchy,Serge Aurier,Pablo Maffeo,Christopher Lenz,Romain Perraud
Brandon Williams,FB,Daley Sinkgraven,Youssouf Sabaly,Reinildo Mandava,Aaron Wan-Bissaka,Anthony Caci,Jordan Lotomba,Kyle Walker-Peters,Jorge Miramón,Hiroki Sakai,Bartosz Bereszyński
Romelu Lukaku,FW,André Silva,Edin Džeko,Duván Zapata,Erling Haaland,Zlatan Ibrahimović,Ciro Immobile,Andy Delort,Robert Lewandowski,Andrea Petagna,Karim Benzema
John Stones,CB,Rúben Dias,Milan Škriniar,Aymeric Laporte,Raphaël Varane,Kurt Zouma,Clément Lenglet,Leonardo Bonucci,Pau Torres,Damien Da Silva,Guillermo Maripán
Patrick van Aanholt,FB,Mário Rui,Alessandro Florenzi,Benjamin Pavard,Hamari Traoré,Yuri Berchiche,Álex Moreno,Adrien Truffert,Junior Sambia,Elseid Hysaj,Dani Carvajal
Ahmed Elmohamady,FB,Hamari Traoré,Alex Sandro,Ezgjan Alioski,Maxwel Cornet,Danilo,Junior Sambia,Nacho Monreal,Oleksandr Zinchenko,Daniel Wass,Wilfried Singo
Álvaro Negredo,FW,Maxi Gómez,Jorge Molina,Habib Diallo,Anthony Lozano,João Pedro,Darío Benedetto,Andreas Cornelius,Chris Wood,Callum Wilson,Roger Martí
Xherdan Shaqiri,MF,Benjamin Bourigeaud,Luis Alberto,Nadiem Amiri,Pascal Groß,Rodrigo De Paul,Nicolò Barella,Sergio Canales,Kevin De Bruyne,Lorenzo Pellegrini,Sebastian Rudy
Rodri,MF,Fernandinho,Boubacar Kamara,Manuel Locatelli,Steven Nzonzi,Bryan Cristante,Gonzalo Villar,Pierre Højbjerg,Granit Xhaka,Ismaël Bennacer,Mateo Kovačić
James McCarthy,MF,Unai Vencedor Paris,Carlos Gruezo,Fede San Emeterio,Romaine Sawyers,Sergio Álvarez,Haris Belkebla,Valon Behrami,Yan Brice Eteki,Iván Marcone,Pedro Mosquera
Dale Stephens,MF,Carlos Gruezo,Jens Jønsson,Unai Vencedor Paris,Tobias Strobl,Luka Milivojević,Romaine Sawyers,Iván Marcone,Manuel Prietl,Haris Belkebla,Douglas Luiz
Tomáš Souček,MF,Papakouli Diop,Lucas Torró,Leander Dendoncker,Rolando Mandragora,Grischa Prömel,Leandro Barreiro Martins,Morten Thorsby,Josh Brownhill,Lucas Tousart,Casemiro
Hakim Ziyech,AM,Josip Brekalo,Hakan Çalhanoğlu,James Maddison,Lorenzo Pellegrini,Bruno Fernandes,James Rodríguez,Gaël Kakuta,Ángel Di María,Domenico Berardi,Dani Olmo
Gabriel Dos Santos,CB,José María Giménez,Yerry Mina,Adam Webster,Kurt Zouma,Marcelo,Sven Botman,José Fonte,John Egan,Shkodran Mustafi,Eric Dier
Stuart Dallas,FB,Ezgjan Alioski,Riccardo Gagliolo,Robin Gosens,Patrick van Aanholt,Hamari Traoré,Zeki Çelik,Nordi Mukiele,Hassane Kamara,Romain Perraud,Matteo Darmian
Stuart Dallas,MF,Ivan Rakitić,Roberto Gagliardini,Jasmin Kurtić,Marcel Sabitzer,Pierre Lees-Melou,Robert Andrich,Franck Kessié,Jordan Veretout,Imran Louza,Florian Grillitsch
Robert Sánchez,GK,Manuel Neuer,Jordan Pickford,David de Gea,Emiliano Martínez,Claudio Bravo,David Ospina,Hugo Lloris,Alphonse Areola,Kasper Schmeichel,Ederson
Jack Stephens,CB,Marco Friedl,Sebastiano Luperto,Luiz Felipe,Timothée Kolodziejczak,Danilo Larangeira,Ethan Ampadu,Dominique Heintz,Domenico Criscito,Mason Holgate,Joseph Aidoo
Wilfred Ndidi,MF,Harrison Reed,Renato Tapia,Pedro Obiang,Diadie Samassékou,Thomas Delaney,Nicolas Höfler,Guido Rodríguez,Paul Lasne,Isaac Hayden,Pierre Højbjerg
Illan Meslier,GK,Sergio Asenjo,Juan Musso,Thibaut Courtois,Alphonse Areola,Roman Bürki,Pau López,Emiliano Martínez,Łukasz Skorupski,Jordan Pickford,Walter Benítez
Andre-Frank Zambo Anguissa,MF,Adrien Rabiot,Habib Maïga,Baptiste Santamaria,Valentin Rongier,Declan Rice,Eduardo Camavinga,Youssouf Fofana,Aurélien Tchouaméni,Djibril Sow,Wataru Endo
Tyler Roberts,MF,Antonín Barák,Gaetano Castrovilli,Alexis Claude-Maurice,Giacomo Bonaventura,Juraj Kucka,Christoph Baumgartner,Giulio Maggiore,Mikel Rico,Nahitan Nández,Marcos Llorente
Yves Bissouma,MF,Mario Lemina,Mickael Malsa,Guido Rodríguez,Walace,Declan Rice,Nicolas Höfler,Luka Milivojević,Christoph Kramer,Geoffrey Kondogbia,Mahdi Camara
Alex Iwobi,AM,Eberechi Eze,Dwight McNeil,Stuart Armstrong,Andros Townsend,Moi Gómez,Tete Morente,Miguel Almirón,Aitor Ruibal,Daniel Caligiuri,Rubén Rochina
Yerry Mina,CB,José María Giménez,Kurt Zouma,Jamaal Lascelles,Gabriel Dos Santos,Marcelo,Shkodran Mustafi,Raphaël Varane,John Egan,Manuel Gulde,Óscar Duarte
Morgan Sanson,MF,Xaver Schlager,Elvis Rexhbeçaj,Giulio Maggiore,Marcos Llorente,Miha Zajc,Imran Louza,Gaetano Castrovilli,Hicham Boudaoui,Conor Gallagher,Nahitan Nández
Douglas Luiz,MF,Pedro Obiang,Albin Ekdal,Tomás Rincón,Soualiho Meïté,Christoph Kramer,Nicolas Höfler,Luka Milivojević,Diadie Samassékou,Haris Belkebla,Lukas Lerager
James Rodríguez,AM,Hakim Ziyech,Gaël Kakuta,Thorgan Hazard,Vincenzo Grifo,Papu Gómez,Jonathan Bamba,Antonio Candreva,Josip Brekalo,James Maddison,Lorenzo Pellegrini
Matt Ritchie,FB,Daniel Brosinski,Lucas Olaza,Erik Durm,Charalambos Lykogiannis,Aaron Cresswell,Christopher Trimmel,Vladimír Coufal,Christian Günter,Jonathan Schmid,Ashley Young
Matt Ritchie,AM,Rubén García,Jóhann Berg Guðmundsson,Dwight McNeil,Marc Cucurella,Daniel Caligiuri,Remi Oudin,Allan Nyom,Josh Brownhill,Óscar Plano,Ridle Baku
Jack Robinson,CB,Javi Sánchez,Edoardo Goldaniga,Moussa Niakhate,Ethan Ampadu,Marco Friedl,Francesco Acerbi,Unai Núñez,Andrew Gravillon,Joseph Aidoo,Danilo Larangeira
Angelo Ogbonna,CB,Ezri Konsa,Sebastiaan Bornauw,Jamaal Lascelles,Joaquín Fernández,Willy Boly,John Egan,Xabier Etxeita,Cala,Mouctar Diakhaby,Tyrone Mings
Jack Cork,MF,Tobias Strobl,Yan Brice Eteki,Rani Khedira,Tomás Pina Isla,Fede San Emeterio,Artur Ioniță,Dani García,Jens Jønsson,Yannick Cahuzac,Valon Behrami
Javier Manquillo,FB,Juan Cruz Armada,Mikel Balenziaga,Joel Ward,Anderson Lucoqui,Aihen Muñoz,Hiroki Sakai,Yuto Nagatomo,Bartosz Bereszyński,Nacho Vidal,Jérôme Hergault
Ricardo Pereira,FB,Maximilian Mittelstädt,Kyle Walker-Peters,Ryan Sessegnon,Stefan Lainer,Paulo Otávio,Renan Lodi,Birger Meling,Mihailo Ristić,Christopher Lenz,Zeki Çelik
Gylfi Sigurðsson,MF,Elvis Rexhbeçaj,Florent Mollet,Nolito,Marcos Llorente,Giacomo Bonaventura,Davy Klaassen,Mattias Svanberg,Benjamin Bourigeaud,Alexis Claude-Maurice,Mikel Rico
Gylfi Sigurðsson,AM,Miguel Almirón,Dwight McNeil,Jean-Paul Boëtius,Alexis Saelemaekers,Pablo Fornals,Rubén García,Emile Smith-Rowe,Ridle Baku,Jakub Jankto,Andros Townsend
Romaine Sawyers,MF,Iván Marcone,Haris Belkebla,Carlos Gruezo,Unai Vencedor Paris,Didier Ibrahim Ndong,Pedro Mosquera,Yan Brice Eteki,Jack Cork,Moussa Sissoko,Adrián Cubas
Emil Krafth,CB,Edoardo Goldaniga,Rodrigo Becão,Chris Basham,Moussa Niakhate,Ben Godfrey,Ben White,Marvin Friedrich,Mason Holgate,Fali,Marco Friedl
Emil Krafth,FB,Ximo Navarro,Cédric Brunner,Mikel Balenziaga,Nacho Vidal,Charlie Taylor,Joel Ward,Carlos Neva,Juan Cruz Armada,Iago,Martin Agirregabiria
Kenny Tete,FB,Matty Cash,Sacha Boey,Dennis Appiah,Paulo Otávio,Vladimír Coufal,Christopher Lenz,Raphael Framberger,Fábio,Emerson,Nacho
Thiago Alcántara,MF,Bruno Guimarães,Remo Freuler,Mateo Kovačić,Yacine Adli,Fred,Idrissa Gana Gueye,Manuel Locatelli,Valentin Rongier,Marco Verratti,Cheick Doucouré
Oliver McBurnie,FW,Raúl García,Joselu,Fabian Klos,Josh Sargent,Sergi Guardiola,David McGoldrick,Jaime Mata,Enes Ünal,Sergi Enrich,Eldor Shomurodov
Gary Cahill,CB,Tyrone Mings,Michael Keane,Ben Mee,Maya Yoshida,Unai Núñez,Jamaal Lascelles,Vitorino Hilton,John Egan,Kyle Bartley,Angelo Ogbonna
Martin Ødegaard,AM,Sergio Canales,Suso,Willian,Angelo Fulgini,Rony Lopes,Bersant Celina,David Ferreiro,Iker Muniain,Moi Gómez,Jonathan Bamba
Emiliano Martínez,GK,Jordan Pickford,Mike Maignan,Hugo Lloris,Emil Audero,Sergio Asenjo,Claudio Bravo,Alessio Cragno,Thibaut Courtois,Robert Sánchez,Roman Bürki
Rui Patrício,GK,Eiji Kawashima,Hugo Lloris,Marco Silvestri,Łukasz Fabiański,Emil Audero,Claudio Bravo,Unai Simón,Jan Oblak,David de Gea,Kasper Schmeichel
Ben Osborn,FB,Pol Lirola,Jérôme Roussillon,José Luis Gayà,Mohamed Fares,Marvin Zeegelaar,Alessandro Florenzi,Renan Lodi,Sergio Reguilón,Sergiño Dest,Erik Durm
Ben Osborn,MF,Saša Lukić,Brais Méndez,Imran Louza,Jaime Seoane,Abdoulaye Doucouré,Nahitan Nández,Giulio Maggiore,Miha Zajc,Sander Berge,Adrien Tameze
Mateo Kovačić,MF,Ismaël Bennacer,Dani Ceballos,Bruno Guimarães,Gonzalo Villar,Thiago Alcántara,Joan Jordán,Marco Verratti,Youssouf Fofana,Roque Mesa,Koke
Jarrod Bowen,FW,José Luis Morales,Romain Hamouma,Lucas Pérez,Joelinton,Musa Barrow,Richarlison,Randal Kolo Muani,Ángel Correa,Ondrej Duda,Lucas Höler
Jarrod Bowen,AM,Mikel Oyarzabal,Moses Simon,Gianluca Caprari,Portu,Yoane Wissa,Bertrand Traoré,Emmanuel Gyasi,Martin Terrier,Theo Walcott,José Luis Morales
Joe Gomez,CB,Kevin Vogt,Eric Bailly,Victor Lindelöf,Robson Bambu,Andreas Christensen,Sven Botman,Presnel Kimpembe,Jonathan Gradit,William Saliba,Stefan Savić
Jaïro Riedewald,MF,Marshall Munetsi,Jack Cork,Tobias Strobl,Albin Ekdal,Raúl Guti,Artur Ioniță,Soualiho Meïté,Haris Belkebla,Jens Jønsson,Lukas Lerager
Alisson,GK,Marc-André ter Stegen,Manuel Neuer,Lukáš Hrádecký,Pau López,David Ospina,Anthony Lopes,Péter Gulácsi,Thibaut Courtois,Bernd Leno,Koen Casteels
Max Lowe,FB,Isaac Carcelen,Fabio Depaoli,Mitchell Dijks,Anderson Lucoqui,Alfonso Espino,Tyrick Mitchell,Nacho Vidal,Sacha Boey,Bartosz Bereszyński,Jamal Lewis
Pedro Neto,AM,Federico Bernardeschi,Piotr Zieliński,Angelo Fulgini,Jack Grealish,Gianluca Caprari,Armand Lauriente,Matteo Politano,Diego Farias,Adnan Januzaj,Gio Reyna
David de Gea,GK,Thomas Strakosha,Hugo Lloris,Marwin Hitz,Alphonse Areola,Kasper Schmeichel,Robert Sánchez,Roman Bürki,Jessy Moulin,Rui Patrício,Gianluigi Donnarumma
Matt Phillips,AM,Luis Rioja,Salvi,Jóhann Berg Guðmundsson,Jakub Jankto,Dwight McNeil,Bobby Reid,Takashi Inui,Yunus Musah,Renaud Ripart,Óscar Plano
Ademola Lookman,FW,Junior Messias,Franck Ribéry,Ondrej Duda,Wilfried Zaha,Amine Gouiri,Ángel Correa,Romain Hamouma,Musa Barrow,Jordan Ayew,Joelinton
Ademola Lookman,AM,Takefusa Kubo,Bryan,Nathan Redmond,Nicola Sansone,Dejan Kulusevski,Luiz Araújo,Jeremy Doku,Rony Lopes,Romain Faivre,Hamed Junior Traorè
Hamza Choudhury,MF,Marshall Munetsi,Jaïro Riedewald,Pape Gueye,Mickael Malsa,Paul Lasne,Jon Moncayola,Rani Khedira,Iván Marcone,Guido Rodríguez,Raúl Guti
Fikayo Tomori,CB,Jonathan Panzo,Yordan Osorio,Bram Nuytinck,Vladimir Golemić,Wout Faes,Senou Coulibaly,Wesley Hoedt,Daniel Congré,Ivan Radovanović,Jason Denayer
Fabinho,CB,Patric,Domenico Criscito,Dayot Upamecano,Ștefan Radu,Óscar Mingueza,Makoto Hasebe,Francesco Acerbi,Alessandro Bastoni,Jérôme Boateng,Clément Lenglet
Fabinho,MF,Morgan Schneiderlin,Martín Zubimendi,Dani García,Marten de Roon,Lucas Leiva,Thomas Delaney,Étienne Capoue,Nemanja Gudelj,Boubacar Kamara,Granit Xhaka
Daniel Podence,AM,Rony Lopes,Gonçalo Guedes,Leandro Trossard,Eric Junior Dina Ebimbe,Jonathan Ikone,Diego Farias,Marco Asensio,Steven Bergwijn,Iker Muniain,Matheus Pereira
Harrison Reed,MF,Kalvin Phillips,Christoph Kramer,Adrien Silva,Wilfred Ndidi,Diadie Samassékou,Morgan Schneiderlin,Marten de Roon,Jorginho,Paul Lasne,Luka Milivojević
Wes Morgan,CB,Pablo Marí,Eric Dier,Stefan Savić,Stefan Mitrović,Bruno Alves,Cristián Zapata,José María Giménez,Luca Ceppitelli,Erick Cabaco,Scott Dann
Jesse Lingard,AM,James Maddison,Matteo Politano,Brahim Díaz,Piotr Zieliński,Pedro,Marco Asensio,Josip Brekalo,Carles Pérez,Nabil Fekir,Papu Gómez
Ayoze Pérez,AM,Sofiane Diop,Samu Castillejo,Ludovic Blas,Álex Berenguer,Nicola Sansone,Nathan Redmond,Luiz Araújo,Gelson Martins,Mason Mount,Daniel James
İlkay Gündoğan,MF,David Silva,Sergio Canales,Luka Modrić,Bernardo Silva,Houssem Aouar,Piotr Zieliński,Frenkie de Jong,Fabián Ruiz Peña,Curtis Jones,Luis Alberto
Pablo Fornals,AM,Nathanael Mbuku,Jean-Paul Boëtius,Marc Cucurella,Samu Castillejo,Miguel Almirón,Jóhann Berg Guðmundsson,Alexis Saelemaekers,Antonín Barák,Moi Gómez,Renaud Ripart
Tyrone Mings,CB,Esteban Burgos,Gary Cahill,Sebastiaan Bornauw,Maya Yoshida,Vitorino Hilton,Unai Núñez,Pedro Bigas,Danilo Larangeira,Germán Sánchez,Angelo Ogbonna
Cédric Soares,FB,Adrien Truffert,Leo Dubois,Yuri Berchiche,Timothy Castagne,Jonathan Schmid,Romain Perraud,Kieran Tierney,Zeki Çelik,Matt Doherty,Elseid Hysaj
Alexis Mac Allister,AM,Jean-Paul Boëtius,Ritsu Doan,Nathanael Mbuku,Marc Cucurella,Pablo Fornals,Ander Barrenetxea,Aitor Ruibal,Renaud Ripart,Eric Junior Dina Ebimbe,Rubén García
Andriy Yarmolenko,AM,Nicolas Pépé,Bukayo Saka,Pedro Neto,Gio Reyna,Amine Gouiri,Hamed Junior Traorè,Matteo Politano,Diego Farias,Harvey Barnes,Cristian Tello
Branislav Ivanović,CB,Lorenzo Tonelli,Luca Caldirola,Marcos Mauro López Gutiérrez,Jean-Charles Castelletto,Pedro Mendes,Ezri Konsa,Sebastien De Maio,Sebastiaan Bornauw,Dani Calvo,Kevin Bonifazi
Miguel Almirón,MF,Gaetano Castrovilli,Alexis Claude-Maurice,Marcos Llorente,Giacomo Bonaventura,Nahitan Nández,Florian Wirtz,Brais Méndez,Gylfi Sigurðsson,Elvis Rexhbeçaj,Roberto Pereyra
Miguel Almirón,AM,Nathanael Mbuku,Aitor Ruibal,Mathieu Cafaro,Samu Castillejo,Jóhann Berg Guðmundsson,Stuart Armstrong,Bobby Reid,Eric Junior Dina Ebimbe,Pablo Fornals,Moi Gómez
Dennis Praet,MF,Gaetano Castrovilli,Marcos Llorente,Giacomo Bonaventura,Brais Méndez,Alexis Claude-Maurice,Gylfi Sigurðsson,Federico Valverde,Elvis Rexhbeçaj,Miha Zajc,Mattias Svanberg
Dennis Praet,AM,Pablo Fornals,Alexis Saelemaekers,Nathanael Mbuku,Samu Castillejo,Aitor Ruibal,Eric Junior Dina Ebimbe,Miguel Almirón,Marc Cucurella,Renaud Ripart,Óscar Plano
Paul Pogba,MF,David Silva,Nicolò Barella,Ivan Rakitić,Luka Modrić,Fabián Ruiz Peña,Curtis Jones,Florian Neuhaus,Seko Fofana,Jordan Veretout,Sergio Canales
Paul Pogba,AM,Rubén Rochina,Stuart Armstrong,Ridle Baku,Roberto Soriano,Alex Iwobi,Manu Trigueros,Eberechi Eze,Jonathan Bamba,Matteo Pessina,Ruben Loftus-Cheek
Kyle Walker,FB,Tommaso Augello,Youssouf Sabaly,Benjamin Mendy,Ronaël Pierre-Gabriel,Jordan Lotomba,Daley Sinkgraven,Elseid Hysaj,Danilo,Ben Davies,Ghislain Konan
Thiago Silva,CB,Damien Da Silva,David Luiz,Aymeric Laporte,Benoît Mukinayi,Marcelo,Antonio Rüdiger,Stefan de Vrij,Gerard Piqué,Rúben Dias,Paul Baysse
Mamadou Sakho,CB,Conor Coady,Jason Denayer,Jesús Vallejo,Luca Marrone,Ivan Radovanović,Bruno González,Pablo Insua,Sebastian Walukiewicz,Robson Bambu,Wout Faes
Karlan Grant,FW,Borja Iglesias,Boulaye Dia,Kasper Dolberg,Stefano Okaka,Lucas Boyé,Dani Gómez,Moussa Koné,Simeon Nwankwo,Sergi Guardiola,Josh Maja
Riyad Mahrez,AM,Ousmane Dembélé,Phil Foden,Neymar,Lionel Messi,Sadio Mané,Raheem Sterling,Lorenzo Insigne,Serge Gnabry,Kingsley Coman,Mohamed Salah
Joel Ward,FB,Charles Traore,Cédric Brunner,Isaac Carcelen,Nacho Vidal,Ximo Navarro,Juan Cruz Armada,Alfonso Espino,Anderson Lucoqui,Mikel Balenziaga,Yuto Nagatomo
Pascal Groß,FB,Angeliño,Achraf Hakimi,Pavel Kadeřábek,Filip Kostić,Darko Lazović,Cristiano Biraghi,Federico Dimarco,Yannick Carrasco,Lucas Vázquez,Simone Bastoni
Pascal Groß,MF,Mateusz Klich,Nahuel Estévez,Nicolò Barella,Lorenzo Pellegrini,Nadiem Amiri,Manu Trigueros,Valon Berisha,Benjamin Bourigeaud,Jordan Veretout,Sebastian Rudy
Pascal Groß,AM,Ridle Baku,Manu Trigueros,Jean-Paul Boëtius,Jonas Hofmann,Lorenzo Pellegrini,Denis Suárez,Gaël Kakuta,Roberto Soriano,Rubén García,Joaquín
Pierre Højbjerg,MF,Marten de Roon,Fabien Lemoine,Boubacar Kamara,Morgan Schneiderlin,Geoffrey Kondogbia,Harrison Reed,Tyler Adams,Rodrigo Bentancur,Christoph Kramer,Lucas Leiva
Carlos Vinícius,FW,Erling Haaland,Terem Moffi,Wout Weghorst,Edinson Cavani,Jamie Vardy,Victor Osimhen,Sasa Kalajdzic,Patrick Bamford,Lautaro Martínez,Harry Kane
Anthony Martial,FW,Joaquín Correa,Wissam Ben Yedder,Amine Gouiri,Duván Zapata,Memphis Depay,Karim Benzema,Ihlas Bebou,Timo Werner,Roberto Firmino,Iago Aspas
Anthony Martial,AM,Marcus Rashford,Karl Toko Ekambi,Raheem Sterling,Mohamed Salah,Ferrán Torres,Amine Gouiri,Nicolas Pépé,Sadio Mané,Timo Werner,Harvey Barnes
Willian,AM,Sergio Canales,Martin Ødegaard,Joaquín,Jonathan Bamba,Papu Gómez,Piotr Zieliński,Antonio Candreva,Dimitri Payet,Vincenzo Grifo,Federico Bernardeschi
Jamie Shackleton,MF,Jack Cork,Moussa Sissoko,Tobias Strobl,Pedro Chirivella,Romaine Sawyers,Iván Marcone,Yannick Cahuzac,Jaïro Riedewald,Victorien Angban,Haris Belkebla
Cheikhou Kouyaté,CB,Joakim Nilsson,Jeison Murillo,Keven Schlotterbeck,Pablo Insua,Dara O'Shea,Semi Ajayi,Bruno González,Sebastien De Maio,Niklas Stark,Vladimir Golemić
Cheikhou Kouyaté,MF,Rani Khedira,Tomás Pina Isla,Yan Brice Eteki,Sergio Álvarez,Marshall Munetsi,Fede San Emeterio,Rodrigo Battaglia,Jack Cork,José Mari,Isaac Hayden
Joe Rodon,CB,Jorge Meré,Ivan Radovanović,Julien Laporte,Joakim Nilsson,Bram Nuytinck,Luca Marrone,Bruno González,Jonathan Panzo,Felipe,Fikayo Tomori
Ben Mee,CB,Kyle Bartley,Jamaal Lascelles,Joaquín Fernández,Craig Dawson,Cala,Pedro Bigas,David García,Gary Cahill,John Egan,Angelo Ogbonna
Hugo Lloris,GK,David de Gea,Rui Patrício,Keylor Navas,Juan Musso,Emiliano Martínez,Jan Oblak,Roman Bürki,Claudio Bravo,Alphonse Areola,Robert Sánchez
John McGinn,MF,Edu Expósito,Mikel Rico,Imran Louza,Alfred Duncan,Răzvan Marin,Gaetano Castrovilli,Suat Serdar,Bryan Dabo,Nahitan Nández,Nahuel Estévez
Tom Davies,MF,Étienne Capoue,Moussa Sissoko,Dani García,Diadie Samassékou,Tomás Rincón,Christoph Kramer,Douglas Luiz,Tobias Strobl,Tomás Pina Isla,Omar Mascarell
Son Heung-min,AM,Ante Rebić,Mikel Oyarzabal,Timo Werner,Ángel Correa,Ferrán Torres,Kevin Volland,Portu,Moussa Diaby,Pedro,Martin Terrier
Ben Johnson,FB,Matthew Lowton,Jérôme Hergault,Isaac Carcelen,Muzinga Ngonda,Theodor Gebre Selassie,Takehiro Tomiyasu,Enda Stevens,Ola Aina,Ximo Navarro,Damián Suárez
Łukasz Fabiański,GK,Eiji Kawashima,Jordi Masip,Claudio Bravo,Vicente Guaita,Marco Silvestri,Unai Simón,Jaume Doménech,Rui Patrício,Paul Bernardoni,Martin Dúbravka
Jordan Henderson,CB,David Alaba,Bryan Cristante,Emre Can,Marcel Halstenberg,Rafael Tolói,Niklas Süle,Berat Djimsiti,Gianluca Mancini,Lukas Klostermann,Óscar Mingueza
Jordan Henderson,MF,Mattéo Guendouzi,Florian Grillitsch,Matteo Ricci,Bryan Cristante,Harry Winks,Koke,Axel Witsel,Thiago Mendes,Marcelo Brozović,Leandro Paredes
Patrick Bamford,FW,Youssef En-Nesyri,Edinson Cavani,Arkadiusz Milik,Kevin Lasagna,Simone Zaza,Paco Alcácer,Burak Yılmaz,Victor Osimhen,Patrik Schick,Tammy Abraham
Mason Mount,MF,Lorenzo Pellegrini,Kerem Demirbay,Lucas Paquetá,Kevin De Bruyne,Houssem Aouar,Luis Alberto,Florian Wirtz,Nadiem Amiri,David Silva,Bernardo Silva
Mason Mount,AM,Romain Faivre,Lorenzo Pellegrini,Henrikh Mkhitaryan,Julian Brandt,Dani Olmo,Gaël Kakuta,Nabil Fekir,Nicola Sansone,Ayoze Pérez,Rodrygo
Robbie Brady,AM,Renaud Ripart,Marc Cucurella,Óscar Plano,Allan Nyom,Daniel Caligiuri,Josh Brownhill,Rubén García,Yunus Musah,Jóhann Berg Guðmundsson,Aitor Ruibal
Stuart Armstrong,MF,Alexis Claude-Maurice,Gaetano Castrovilli,Florian Wirtz,John McGinn,Giacomo Bonaventura,Piotr Zieliński,Nadiem Amiri,Houssem Aouar,Lorenzo Pellegrini,Nolito
Stuart Armstrong,AM,Eberechi Eze,Enis Bardhi,Miguel Almirón,Alex Iwobi,Denis Suárez,Andros Townsend,Ridle Baku,Jonathan Bamba,Eric Junior Dina Ebimbe,Bersant Celina
Ivan Cavaleiro,FW,Joelinton,Ondrej Duda,Josh Sargent,Junior Messias,David McGoldrick,Richarlison,Jordan Ayew,Sergi Guardiola,Romain Hamouma,Lucas Boyé
Ivan Cavaleiro,AM,Antonio Puertas,Aitor Ruibal,Bobby Reid,Takashi Inui,Luis Rioja,Yunus Musah,Yoane Wissa,Ruben Loftus-Cheek,Nathanael Mbuku,Ander Barrenetxea
Kyle Walker-Peters,FB,Sacha Boey,Aaron Wan-Bissaka,Fabien Centonze,Álex Moreno,Sofiane Alakouch,Nélson Semedo,Daley Sinkgraven,Thomas Foket,Wendell,Birger Meling
Jeff Hendrick,MF,John Lundstram,Artur Ioniță,Grischa Prömel,Rani Khedira,Papakouli Diop,Lukas Lerager,Tomás Rincón,Rodrigo Battaglia,Raúl Guti,Lucas Torró
Adam Lallana,MF,Manu Trigueros,Mason Mount,Lorenzo Pellegrini,Nicolò Barella,Jordan Veretout,Mateusz Klich,Federico Valverde,Pascal Groß,Florian Wirtz,Bernardo Silva
Adama Traoré,FW,Lucas Pérez,Ondrej Duda,Romain Hamouma,Franck Ribéry,Andrea Belotti,João Pedro,Joelinton,Junior Messias,Sergi Guardiola,Jordan Ayew
Adama Traoré,AM,Mattia Zaccagni,Fabián Orellana,Kike Barja,Bryan,Rony Lopes,Angelo Fulgini,Pedro Neto,Ross Barkley,David Ferreiro,Jon Morcillo
Ki-Jana Hoever,FB,Kyle Walker-Peters,Sacha Boey,Johan Mojica,Thierry Correia,Kingsley Ehizibue,Hiroki Sakai,Aihen Muñoz,Fouad Chafik,Thomas Foket,Ryan Bertrand
Matthew Lowton,FB,Ola Aina,Ximo Navarro,Rober Correa,Martin Agirregabiria,Sébastien Corchia,José Ángel,Damián Suárez,Isaac Carcelen,Nacho Vidal,Charlie Taylor
Fernando Marçal,FB,Takehiro Tomiyasu,Cédric Brunner,Loris Benito,Charlie Taylor,Mikel Balenziaga,Bartosz Bereszyński,Ben Davies,José Ángel,Fouad Chafik,Yuto Nagatomo
Rayan Aït Nouri,FB,Adrien Truffert,Yuri Berchiche,Rogério,Romain Perraud,Tariq Lamptey,Sergio Reguilón,Marcelo,Álex Moreno,Junior Sambia,Giorgos Kiriakopoulos
Luke Shaw,FB,Leo Dubois,Theo Hernández,Alphonso Davies,Juan Cuadrado,Giovanni Di Lorenzo,Thomas Meunier,Andrew Robertson,Caio Henrique Oliveira Silva,Marcelo,Marcos Acuña
Alexandre Lacazette,FW,Che Adams,Jonathan David,Antonio Sanabria,Felipe Caicedo,Jhon Córdoba,Neal Maupay,Josh Maja,Danny Welbeck,Eldor Shomurodov,José Luis Morales
Keinan Davis,FW,Rodrigo Palacio,Ollie Watkins,Iñaki Williams,Callum Wilson,Andrea Petagna,Neal Maupay,Kike,Aleksandar Mitrović,Ángel Rodríguez,Matěj Vydra
Ferrán Torres,FW,Alexandre Lacazette,Amine Gouiri,José Luis Morales,Antoine Griezmann,Ihlas Bebou,Musa Barrow,Joaquín Correa,João Félix,Danny Ings,Romain Hamouma
Ferrán Torres,AM,Munir El Haddadi,Harvey Barnes,Pierre-Emerick Aubameyang,José Luis Morales,Marcus Thuram,Anwar El Ghazi,Roland Sallai,Yoane Wissa,Amine Gouiri,Diogo Jota
Aaron Wan-Bissaka,FB,Wendell,Kyle Walker-Peters,Reinildo Mandava,Jorge Miramón,Birger Meling,Sofiane Alakouch,Emerson,Fabien Centonze,Youssouf Sabaly,Sacha Boey
Sam Johnstone,GK,Jordi Masip,Rafał Gikiewicz,Aaron Ramsdale,Florian Müller,Roberto,Stefan Ortega,Édgar Badía,Jasper Cillessen,Anthony Racioppi,Baptiste Reynet
Robert Snodgrass,AM,Josh Brownhill,Allan Nyom,Yunus Musah,Óscar Plano,Jóhann Berg Guðmundsson,Marc Cucurella,Salvi,Renaud Ripart,Bobby Reid,Tete Morente
Shane Long,FW,Jaime Mata,Oliver McBurnie,Raúl García,Fabian Klos,Sergi Guardiola,Roger Martí,Lois Diony,Jonathan Calleri,Santi Mina,Josh Sargent
Ben Godfrey,CB,Amos Pieper,Keven Schlotterbeck,Andrew Gravillon,Rodrigo Becão,Ohis Felix Uduokhai,Danilo Larangeira,Éder Militão,Daniele Rugani,Miloš Veljković,Ozan Kabak
Ben Godfrey,FB,Federico Barba,Cédric Brunner,Yuto Nagatomo,Takehiro Tomiyasu,Joel Ward,Mikel Balenziaga,Ximo Navarro,Nacho Vidal,Loris Benito,Carlos Neva
Romain Saïss,CB,Dimitris Siovas,John Brooks,Gleison Bremer,Nikola Milenković,Omar Colley,Giangiacomo Magnani,Craig Dawson,Unai Núñez,Jorge Pulido,Willy Boly
Eric Bailly,CB,Sergio Postigo,Wout Faes,Victor Lindelöf,Koray Günter,Víctor Ruiz,Jorge Meré,Yordan Osorio,Jonathan Panzo,Néstor Araujo,Andreas Christensen
Marcus Rashford,FW,Anthony Martial,Amine Gouiri,Joaquín Correa,João Félix,Paulo Dybala,Memphis Depay,Iago Aspas,Alassane Pléa,Karim Benzema,Gerard Moreno
Marcus Rashford,AM,Mohamed Salah,Raheem Sterling,Leon Bailey,Amine Gouiri,Sadio Mané,Karl Toko Ekambi,Kylian Mbappé,Nicolas Pépé,Harvey Barnes,Samuel Chukwueze
Steven Bergwijn,AM,Emile Smith-Rowe,Rony Lopes,Roberto Insigne,Bukayo Saka,Fabián Orellana,Jonathan Ikone,Gio Reyna,Emmanuel Gyasi,Daniel Podence,Brahim Díaz
Sean Longstaff,MF,Leandro Barreiro Martins,Conor Gallagher,Xavier Chavalerin,Lamine Fomba,Rolando Mandragora,Abdoulaye Doucouré,Morten Thorsby,Jaime Seoane,Danny Latza,Elvis Rexhbeçaj
Joe Willock,MF,Marcos Llorente,Jude Bellingham,Weston McKennie,Gaetano Castrovilli,Christoph Baumgartner,Mattias Svanberg,Hernani,Giulio Maggiore,Nolito,Téji Savanier
Joe Willock,AM,Trézéguet,Renato Steffen,Ludovic Blas,Ruben Vargas,Álex Berenguer,Christoph Baumgartner,Denis Bouanga,Samu Castillejo,Marcus Thuram,Niclas Eliasson
Willy Boly,CB,Unai Núñez,Sebastiaan Bornauw,Florian Lejeune,Nikola Milenković,John Egan,Angelo Ogbonna,Jorge Pulido,Amos Pieper,Alexander Djiku,Ezri Konsa
Patrick Cutrone,FW,Stéphane Bahoken,Pierre-Emerick Aubameyang,Giovanni Simeone,Jonathan David,Kevin Lasagna,Krzysztof Piątek,Jhon Córdoba,Simone Zaza,Fabio Quagliarella,Dušan Vlahović
Eddie Nketiah,FW,Breel Embolo,Jonathan David,Lautaro Martínez,Moise Kean,Gabriel Jesus,Neal Maupay,Antoine Griezmann,Moanes Dabour,Stéphane Bahoken,Jhon Córdoba
Gareth Bale,AM,Nicolas Pépé,Marcus Thuram,Riccardo Orsolini,Raphael Dias Belloli,Christoph Baumgartner,Musa Barrow,Amine Gouiri,Tino Kadewere,Álex Berenguer,Domenico Berardi
Christian Fuchs,CB,Simone Iacoponi,Niklas Stark,Tuta,Ben White,Makoto Hasebe,Andrea Masiello,Claudio Terzi,Luca Ceppitelli,Domenico Criscito,Ivan Radovanović
Issa Diop,CB,Javi Sánchez,Víctor Laguardia,Federico Fernández,Gonzalo Verdú,Fali,Jesús Vallejo,Miloš Veljković,Joaquín Fernández,Domingos Duarte,Angelo Ogbonna
Tom Cairney,MF,Sergio Canales,Luka Modrić,İlkay Gündoğan,Nadiem Amiri,Piotr Zieliński,Bernardo Silva,Seko Fofana,Fabián Ruiz Peña,Houssem Aouar,Frenkie de Jong
Timothy Fosu-Mensah,FB,Hassane Kamara,Hamari Traoré,Benjamin Pavard,Luke Ayling,Dani Carvajal,Layvin Kurzawa,Alex Sandro,Giorgos Kiriakopoulos,Danilo,Mert Müldür
Pablo Marí,CB,Stefan Savić,Hugo Guillamón,Raphaël Varane,Çağlar Söyüncü,Robson Bambu,Stefan de Vrij,Jeison Murillo,Raúl Albiol,Eric Dier,Víctor Ruiz
Jack Harrison,AM,Daichi Kamada,Álex Berenguer,Lucas Moura,Renato Steffen,Franck Honorat,Lorenzo Pellegrini,Gaël Kakuta,Jorge de Frutos,Hamed Junior Traorè,Lars Stindl
Christian Benteke,FW,Dominic Calvert-Lewin,Steve Mounié,Chris Wood,Rafa Mir,Ludovic Ajorque,Olivier Giroud,Tammy Abraham,Kike,Sasa Kalajdzic,Ante Budimir
Vicente Guaita,GK,Paul Bernardoni,Karl Darlow,Bartłomiej Drągowski,Martin Dúbravka,Matthieu Dreyer,Lorenzo Montipò,Fernando Pacheco,Łukasz Fabiański,Roberto,Aaron Ramsdale
Bernard,AM,Moi Gómez,Alex Iwobi,Eberechi Eze,Jonathan Bamba,Alexis Saelemaekers,Matteo Pessina,Ridle Baku,Dwight McNeil,Iker Muniain,Mikkel Damsgaard
Nathan Redmond,FW,Ondrej Duda,Junior Messias,Jordan Ayew,Franck Ribéry,Joelinton,Wilfried Zaha,Ángel Correa,Musa Barrow,Amine Gouiri,Romain Hamouma
Nathan Redmond,AM,Ademola Lookman,Takefusa Kubo,Nicola Sansone,Bryan,Mikkel Damsgaard,Eric Junior Dina Ebimbe,Lucas Moura,Rodrygo,Gelson Martins,Lucas Ocampos
Érik Lamela,AM,Nabil Fekir,Vinicius Júnior,Nicola Sansone,Luiz Araújo,Jeremy Doku,Nathan Redmond,Ayoze Pérez,Rodrygo,Ademola Lookman,Mason Mount
Michail Antonio,FW,Gerard Moreno,Edin Džeko,André Silva,Duván Zapata,Andrea Belotti,Kelechi Iheanacho,Lautaro Martínez,Robert Lewandowski,Breel Embolo,Ollie Watkins
Eric Dier,CB,Stefan Savić,José María Giménez,Robin Knoche,Luca Ceppitelli,Sven Botman,Davinson Sánchez,Rob Holding,Pablo Marí,Toby Alderweireld,Jan Bednarek
Steven Alzate,MF,Karol Linetty,Saša Lukić,Mattéo Guendouzi,Koke,Georginio Wijnaldum,Khéphren Thuram-Ulie,Maxime Lopez,Fran Beltrán,Răzvan Marin,John Lundstram
DeAndre Yedlin,FB,Carlos Neva,Juan Cruz Armada,Nacho Vidal,Mikel Balenziaga,Isaac Carcelen,Fabio Depaoli,Anderson Lucoqui,Bartosz Bereszyński,Iago,Mitchell Dijks
Eberechi Eze,MF,Florent Mollet,Giacomo Bonaventura,Piotr Zieliński,Florian Wirtz,Roberto Pereyra,Seko Fofana,Nadiem Amiri,John McGinn,Luka Modrić,Houssem Aouar
Eberechi Eze,AM,Stuart Armstrong,Alex Iwobi,Iker Muniain,Jonathan Bamba,Bersant Celina,Gonçalo Guedes,Denis Suárez,Alexis Saelemaekers,Suso,Moi Gómez
Jayden Bogle,FB,Mathieu Debuchy,Ramy Bensebaini,Erik Durm,Marvin Zeegelaar,Sergio Reguilón,Nordi Mukiele,Rubén Peña,Stuart Dallas,Renan Lodi,Mathías Olivera
Ollie Watkins,FW,Breel Embolo,Gianluca Lapadula,Álvaro Morata,Sehrou Guirassy,Neal Maupay,Jonathan David,Patrik Schick,Andrea Belotti,Sasa Kalajdzic,Randal Kolo Muani
Joe Bryan,FB,Gaetano Letizia,Solly March,Riccardo Gagliolo,Ander Capa,Mathieu Debuchy,Stefan Lainer,Ramy Bensebaini,James Justin,Hugo Mallo,Maximilian Mittelstädt
Matheus Pereira,AM,Vincenzo Grifo,Franck Honorat,Roberto Soriano,Gaël Kakuta,Josip Brekalo,Hamed Junior Traorè,Cristian Tello,Darwin Machís,Rony Lopes,Lorenzo Pellegrini
Jack Grealish,AM,Adnan Januzaj,Papu Gómez,Dejan Kulusevski,Jadon Sancho,Lorenzo Insigne,Dimitri Payet,Samuel Chukwueze,Kingsley Coman,Pedro Neto,Florian Thauvin
Joël Matip,CB,Antonio Rüdiger,Guillermo Maripán,Nayef Aguerd,Matthijs de Ligt,Benoît Mukinayi,Marcel Halstenberg,Sergio Ramos,Ronald Araújo,Thiago Silva,Robin Le Normand
Andros Townsend,AM,Daniel Caligiuri,Dwight McNeil,Mikkel Damsgaard,Jean-Paul Boëtius,Alexis Saelemaekers,Marc Cucurella,Aitor Ruibal,Alex Iwobi,Miguel Almirón,Stuart Armstrong
Wilfried Zaha,FW,Neal Maupay,Romain Hamouma,Ángel Correa,Amine Gouiri,Franck Ribéry,Jonathan David,Junior Messias,Ondrej Duda,Moanes Dabour,José Luis Morales
Wilfried Zaha,AM,Brahim Díaz,Daniel James,Daniel Podence,Gonçalo Guedes,Diego Farias,Rony Lopes,Dejan Kulusevski,Gervinho,Leandro Trossard,Ayoze Pérez
Dan Burn,CB,Armando Izzo,Martin Hinteregger,Stefan Posch,Marvin Friedrich,Rafael Tolói,Moussa Niakhate,John Brooks,Romain Saïss,Berat Djimsiti,Willi Orban
Dan Burn,FB,Mathías Olivera,Enda Stevens,Theodor Gebre Selassie,Lorenzo De Silvestri,Ramy Bensebaini,Mathieu Debuchy,Iago,Sébastien Corchia,Joël Veltman,Charalambos Lykogiannis
Raheem Sterling,FW,Karim Benzema,Gabriel Jesus,Joaquín Correa,Kylian Mbappé,Lionel Messi,Timo Werner,Paulo Dybala,Ciro Immobile,Anthony Martial,Wissam Ben Yedder
Raheem Sterling,AM,Kylian Mbappé,Mohamed Salah,Marcus Rashford,Ousmane Dembélé,Riyad Mahrez,Sadio Mané,Timo Werner,Leon Bailey,Karl Toko Ekambi,Lionel Messi
Raúl Jiménez,FW,David McGoldrick,João Pedro,Goran Pandev,Richarlison,Jaime Mata,Junior Messias,Mama Samba Baldé,José Luis Morales,Irvin Cardona,Antonio Sanabria
Andy Carroll,FW,Joselu,Jorge Molina,Andreas Cornelius,Leonardo Pavoletti,Jaime Mata,Ludovic Ajorque,Christian Benteke,Sebastian Andersson,Steve Mounié,Habib Diallo
John Fleck,MF,Sandro Tonali,Roque Mesa,Luis Milla,Răzvan Marin,Edu Expósito,Alfred Duncan,Miha Zajc,Mikel Rico,Imran Louza,Marko Rog
Gabriel Jesus,FW,Kelechi Iheanacho,Timo Werner,Alexis Sánchez,Paulo Dybala,Antoine Griezmann,Roberto Firmino,Moanes Dabour,Lautaro Martínez,Ihlas Bebou,Amine Gouiri
Marc Albrighton,FB,Ridle Baku,Jonathan Clauss,Silas Wamangituka,Yannick Carrasco,Nahuel Molina,Filip Kostić,Angeliño,Cristian Ansaldi,Erik Durm,Pervis Estupiñán
Marc Albrighton,AM,Ridle Baku,Jean-Paul Boëtius,Daniel Caligiuri,Rubén García,Rubén Rochina,Dwight McNeil,Marc Cucurella,Mikkel Damsgaard,Andros Townsend,David Ferreiro
Fred,MF,Gastón Brugman,Rodrigo Bentancur,Remo Freuler,Ander Herrera,Thiago Alcántara,Mahmoud Dahoud,Jorginho,Youssouf Fofana,N'Golo Kanté,Habib Maïga
Rúben Vinagre,FB,Mitchell Dijks,Bartosz Bereszyński,Ronaël Pierre-Gabriel,Thomas Foket,Jamal Lewis,Aihen Muñoz,Kingsley Ehizibue,Yuto Nagatomo,Hiroki Sakai,Jordan Lotomba
Jake Livermore,MF,Yan Brice Eteki,Fede San Emeterio,Jens Jønsson,Isaac Hayden,Sergio Álvarez,Valon Behrami,Tomás Pina Isla,Rani Khedira,Marshall Munetsi,José Mari
N'Golo Kanté,MF,Djibril Sow,Rodrigo Bentancur,Maxence Caqueret,Jorginho,Sebastian Rode,Dani Ceballos,Youssouf Fofana,Valentin Rongier,Kevin Strootman,Marko Rog
Sébastien Haller,FW,Sergi Enrich,Joselu,Mama Samba Baldé,Luuk de Jong,Steve Mounié,Ante Budimir,Habib Diallo,Eldor Shomurodov,Raúl García,Ludovic Ajorque
Solly March,FB,Filip Kostić,Marius Wolf,Renan Lodi,Ridle Baku,Alfonso Pedraza,Silas Wamangituka,Yannick Carrasco,Pol Lirola,Theo Hernández,Ben Chilwell
Diego Llorente,CB,Yunis Abdelhamid,Diego Godín,Armando Izzo,Gleison Bremer,Alexander Djiku,Pascal Struijk,Leonardo Balerdi,Marash Kumbulla,Cristian Romero,Nikola Milenković
Josh Maja,FW,Moussa Koné,Boulaye Dia,Giovanni Simeone,Antonio Sanabria,Kevin Lasagna,Hwang Ui-jo,Alexandre Lacazette,Danny Welbeck,Mama Samba Baldé,Stéphane Bahoken
Bukayo Saka,FB,Yannick Carrasco,Silas Wamangituka,Davide Zappacosta,Ivan Perišić,Leonardo Spinazzola,Achraf Hakimi,Manuel Lazzari,Darko Lazović,Bruno Peres,Filip Kostić
Bukayo Saka,AM,Diego Farias,Jonathan Bamba,Gio Reyna,Ángel Correa,Rony Lopes,Nicolas Pépé,Josip Brekalo,Federico Bernardeschi,Rodrygo,Steven Bergwijn
João Cancelo,FB,Theo Hernández,Juan Cuadrado,Reece James,Giovanni Di Lorenzo,Lucas Vázquez,Thomas Meunier,Simone Bastoni,Alphonso Davies,Raphaël Guerreiro,Ruben Aguilar
Ashley Young,FB,Cristiano Biraghi,Bruno Peres,Christian Günter,Darko Lazović,Jordi Alba,Manuel Lazzari,Hans Hateboer,Leonardo Spinazzola,Angeliño,Alessandro Florenzi
Kortney Hause,CB,Craig Dawson,Ben Mee,Germán Sánchez,Xabier Etxeita,Pedro Bigas,Kyle Bartley,Ezri Konsa,Angelo Ogbonna,Cala,Jamaal Lascelles
Dani Ceballos,MF,Remo Freuler,Marco Verratti,Koke,Daniel Parejo,Tanguy Ndombele,N'Golo Kanté,Mateo Kovačić,Rodrigo Bentancur,Ismaël Bennacer,Óliver Torres
Ryan Fredericks,FB,Vladimír Coufal,Lucas Digne,Christopher Trimmel,Christian Günter,Ludwig Augustinsson,Lucas Olaza,Iago,Daniel Brosinski,Kieran Tierney,Aaron Cresswell
David Luiz,CB,Damien Da Silva,Thiago Silva,Axel Disasi,Leonardo Bonucci,Matthijs de Ligt,Matthias Ginter,Aymeric Laporte,Lewis Dunk,Pau Torres,Iñigo Martínez
Joelinton,FW,Josh Sargent,David McGoldrick,Richarlison,Eldor Shomurodov,Junior Messias,Jordan Ayew,Ondrej Duda,Lucas Höler,Lucas Boyé,Sergi Guardiola
Joelinton,AM,Trézéguet,Édgar Méndez,Bobby Reid,Richarlison,Denis Bouanga,Antonio Puertas,Aitor Ruibal,Lucas Ocampos,Yunus Musah,Renaud Ripart
Conor Gallagher,MF,Jaime Seoane,Lamine Fomba,Mauro Arambarri,Yangel Herrera,Përparim Hetemaj,Baptiste Santamaria,Danny Latza,Imran Louza,Abdoulaye Doucouré,Suat Serdar
Filip Krovinović,MF,Roque Mesa,Mateo Kovačić,Gonzalo Villar,Cheick Doucouré,William Carvalho,Thiago Alcántara,Joan Jordán,Eduardo Camavinga,André Gomes,Marko Rog
Fraser Forster,GK,Jiří Pavlenka,Rafał Gikiewicz,Iván Villar,Baptiste Reynet,Kevin Trapp,Robin Zentner,Stefan Ortega,Rui Silva,Jasper Cillessen,Rune Jarstein
Adam Webster,CB,Shkodran Mustafi,Sven Botman,Çağlar Söyüncü,José Fonte,Aritz Elustondo,Dimitris Siovas,Gabriel Dos Santos,Marcelo,Eric Dier,Rob Holding
Bertrand Traoré,AM,Anwar El Ghazi,Jarrod Bowen,Marcus Thuram,Yoane Wissa,Ferrán Torres,Matheus Pereira,Darwin Machís,Roland Sallai,Ruben Vargas,Dodi Lukebakio
Callum Wilson,FW,Florian Niederlechner,Matěj Vydra,Asier Villalibre,Anthony Lozano,Ángel Rodríguez,Kevin Volland,Kevin Lasagna,Enes Ünal,Iñaki Williams,Oliver Burke
Michael Keane,CB,Gary Cahill,Duje Ćaleta-Car,Marcelo,Paul Baysse,Dedryck Boyata,Laurent Koscielny,Benoît Mukinayi,Danilo Larangeira,Eric Dier,Tyrone Mings
Reiss Nelson,AM,Dejan Kulusevski,Moussa Diaby,Raheem Sterling,Ousmane Dembélé,Kylian Mbappé,Leon Bailey,Pedro,Adnan Januzaj,Leroy Sané,Kingsley Coman
Kean Bryan,CB,Mason Holgate,Semi Ajayi,Amos Pieper,Gleison Bremer,Diego Llorente,Ethan Ampadu,Boubakar Kouyaté,Dara O'Shea,Keven Schlotterbeck,Alexander Djiku
Sadio Mané,AM,Christian Pulisic,Amine Gouiri,Karl Toko Ekambi,Mohamed Salah,Kingsley Coman,Riyad Mahrez,Diogo Jota,Nicolas Pépé,Marcus Rashford,Raheem Sterling
Tosin Adarabioyo,CB,Bruno Ecuele Manga,Yeray Álvarez,Pape Abou Cisse,Joachim Andersen,Sven Botman,José María Giménez,Óscar Duarte,Florian Lejeune,Eric Dier,Shkodran Mustafi
Fabian Schär,CB,Lyanco,Jérémy Morel,Dylan Bronn,Jeffrey Gouweleeuw,Wout Faes,Unai García,Kevin Bonifazi,Luca Ceppitelli,Yordan Osorio,Sergio Postigo
Kelechi Iheanacho,FW,Paulo Dybala,Gabriel Jesus,Ciro Immobile,Timo Werner,Borja Mayoral,Karim Benzema,Robert Lewandowski,Duván Zapata,Lautaro Martínez,Alassane Pléa
Daniel James,AM,Samu Castillejo,Ludovic Blas,Bobby Reid,Sofiane Diop,Stephy Mavididi,Nathanael Mbuku,Roland Sallai,Ayoze Pérez,Cristian Tello,Ruben Loftus-Cheek
Isaac Hayden,MF,Renato Tapia,Sergio Álvarez,Jens Jønsson,Marshall Munetsi,Tomás Pina Isla,Yan Brice Eteki,Omar Mascarell,Rani Khedira,Valon Behrami,Carlos Gruezo
Charlie Taylor,FB,Cédric Brunner,Mikel Balenziaga,Juan Cruz Armada,Raphael Framberger,Rober Correa,Aihen Muñoz,Dimitri Foulquier,Carlos Neva,Rafa Soares,Anderson Lucoqui
Allan,MF,Haris Belkebla,Sofyan Amrabat,Adrien Silva,Adrián Cubas,Laurent Abergel,Marko Rog,Yves Bissouma,Otávio,Walace,Amadou Diawara
Trent Alexander-Arnold,FB,Federico Dimarco,Raphaël Guerreiro,Angeliño,Jonathan Clauss,Leonardo Spinazzola,Darko Lazović,Juan Cuadrado,Andrew Robertson,Cristiano Biraghi,Simone Bastoni
Karl Darlow,GK,Vicente Guaita,Jeremías Ledesma,Jaume Doménech,Marco Silvestri,Rune Jarstein,Aaron Ramsdale,Łukasz Fabiański,Alessio Cragno,Eiji Kawashima,Paul Bernardoni
Kurt Zouma,CB,Damien Da Silva,Yerry Mina,Nayef Aguerd,Gabriel Dos Santos,Shkodran Mustafi,Guillermo Maripán,Marcelo,Harry Maguire,José María Giménez,Gerard Piqué
Danny Welbeck,FW,Matěj Vydra,M'Bala Nzola,Kevin Lasagna,Antonio Sanabria,Jhon Córdoba,Giovanni Simeone,Jonathan David,Alexandre Lacazette,Josh Maja,Simone Zaza
Dele Alli,AM,Daichi Kamada,Thomas Müller,Mason Mount,Lorenzo Pellegrini,Dani Olmo,Jonas Hofmann,Christopher Nkunku,Thorgan Hazard,Lars Stindl,Henrikh Mkhitaryan
James McArthur,MF,Djibril Sow,Përparim Hetemaj,André Gomes,Jaime Seoane,Maxence Caqueret,Conor Gallagher,Douglas Luiz,Albin Ekdal,Danny Latza,Habib Maïga
Mason Holgate,CB,Koffi Djidji,Ethan Ampadu,Marco Friedl,Ben White,Domenico Criscito,Sebastiano Luperto,Rodrigo Becão,Amos Pieper,Jérémy Morel,José Luis Palomino
Mason Holgate,FB,Joel Ward,Charles Traore,Ximo Navarro,Bartosz Bereszyński,Nacho Vidal,Isaac Carcelen,Jérôme Hergault,Cédric Brunner,Martin Agirregabiria,Federico Barba
Nélson Semedo,FB,Giorgos Kiriakopoulos,Hassane Kamara,James Justin,Mert Müldür,Álex Moreno,Sergio Reguilón,Kyle Walker-Peters,Rogério,Adrien Truffert,Ander Capa
Sander Berge,MF,Adrien Tameze,Abdoulaye Doucouré,John Lundstram,Lukas Lerager,Jaime Seoane,Nahitan Nández,Saša Lukić,Bryan Dabo,Miha Zajc,Suat Serdar
Max Kilman,CB,Lisandro Magallán,Ismaël Traoré,Sebastiano Luperto,Edoardo Goldaniga,Simon Kjær,Igor Zubeldia,Gonzalo Verdú,Harold Moukoudi,Kevin Bonifazi,Ben Godfrey
Ben Chilwell,FB,Robin Gosens,Maxwel Cornet,Nordi Mukiele,Theo Hernández,Giovanni Di Lorenzo,Reece James,Nahuel Molina,Alfonso Pedraza,Zeki Çelik,Davide Faraoni
Matt Doherty,FB,Timothy Castagne,Lucas Digne,Ludwig Augustinsson,Cédric Soares,Kieran Trippier,Carlos Clerc,Caio Henrique Oliveira Silva,Luke Shaw,Vladimír Coufal,Andoni Gorosabel
Ryan Fraser,AM,Bersant Celina,David Ferreiro,Fabián Orellana,Roberto Insigne,Adama Traoré,Jon Morcillo,Sergio Canales,Jakub Jankto,Roberto Torres,Farid Boulaya
Pierre-Emerick Aubameyang,FW,Che Adams,Giovanni Simeone,Kevin Lasagna,Fabio Quagliarella,Simone Zaza,João Pedro,Gianluca Lapadula,Florian Niederlechner,Alexandre Lacazette,Danny Welbeck
Pierre-Emerick Aubameyang,AM,João Pedro,Gaëtan Laborde,José Luis Morales,Ferrán Torres,Roland Sallai,Kevin Volland,Marcus Thuram,Portu,Tino Kadewere,Dodi Lukebakio
Semi Ajayi,CB,Keven Schlotterbeck,Ozan Kabak,Nicolas Pallois,Dimitris Siovas,Cheikhou Kouyaté,Joaquín Fernández,Yunis Abdelhamid,Lorenzo Tonelli,Federico Ceccherini,Daniel Congré
Goran Pandev,FW,Jorge Molina,Alassane Pléa,Roger Martí,Dani Gómez,Rodrigo Palacio,Wissam Ben Yedder,Raúl Jiménez,José Luis Morales,Iñaki Williams,Lucas Pérez
Giovani Lo Celso,MF,Kerem Demirbay,Lucas Paquetá,Mason Mount,Rafinha,Luis Alberto,Nicolò Barella,Téji Savanier,Lorenzo Pellegrini,Jude Bellingham,Kevin De Bruyne
Giovani Lo Celso,AM,Romain Faivre,Denis Suárez,Mason Mount,Gaël Kakuta,Roberto Soriano,Sofiane Diop,Manu Trigueros,Julian Brandt,Lorenzo Pellegrini,Jean-Paul Boëtius
Rob Holding,CB,Omar Alderete,Sven Botman,Ozan Kabak,Eric Dier,Çağlar Söyüncü,Waldemar Anton,Nikola Maksimović,Jonathan Tah,Kevin Bonifazi,Shkodran Mustafi
Willian José,FW,João Pedro,Habib Diallo,Simeon Nwankwo,Darío Benedetto,Alexandre Lacazette,Krzysztof Piątek,Jorge Molina,Florian Niederlechner,Antonio Sanabria,Sehrou Guirassy
Harry Maguire,CB,Benoît Mukinayi,Jules Koundé,Robin Le Normand,Damien Da Silva,Jonny Evans,Matthias Ginter,Marcelo,Nayef Aguerd,Kurt Zouma,José Fonte
Scott McTominay,MF,Florian Grillitsch,Ivan Ilić,Pape Gueye,Franck Kessié,Wataru Endo,Cheick Doucouré,William Carvalho,Aurélien Tchouaméni,Bryan Cristante,Stuart Dallas
Lys Mousset,FW,Moussa Koné,Dani Gómez,Josh Maja,Nikola Kalinić,Roger Martí,Anthony Lozano,Callum Wilson,Boulaye Dia,Giovanni Simeone,Stéphane Bahoken
Jordan Ayew,FW,Lucas Boyé,Ondrej Duda,Joelinton,Junior Messias,Sergi Guardiola,Josh Sargent,Oliver Burke,David McGoldrick,Jay Rodriguez,Richarlison
Jordan Ayew,AM,Aitor Ruibal,Yunus Musah,Tete Morente,Eric Junior Dina Ebimbe,Nathanael Mbuku,Óscar Plano,Ruben Loftus-Cheek,Daniel Caligiuri,Miguel Almirón,Alexis Saelemaekers
Davinson Sánchez,CB,Dani Calvo,Eric Dier,Cristián Zapata,Jeison Murillo,Romain Thomas,Joakim Nilsson,Robin Knoche,Óscar Duarte,Daniel Congré,Sebastien De Maio
Joël Veltman,CB,Rafael Tolói,Emre Can,Bryan Cristante,César Azpilicueta,Berat Djimsiti,Marcel Halstenberg,Stefan Posch,Óscar Mingueza,Gianluca Mancini,Nacho
Joël Veltman,FB,Luke Ayling,Hugo Mallo,Thierry Correia,Dan Burn,Enda Stevens,Fouad Chafik,James Justin,Conor Townsend,José Ángel,Mathías Olivera
David McGoldrick,FW,Joelinton,Raúl Jiménez,Junior Messias,Raúl García,Oliver McBurnie,Richarlison,Joselu,Mama Samba Baldé,Antonio Sanabria,Eldor Shomurodov
David McGoldrick,AM,Roland Sallai,Bobby Reid,João Pedro,Richarlison,Anwar El Ghazi,Yoane Wissa,Daniel James,Ruben Vargas,Trézéguet,Pierre-Emerick Aubameyang
Liam Cooper,CB,Rafael Czichos,Leonardo Balerdi,Yunis Abdelhamid,Lorenzo Tonelli,Ozan Kabak,Wesley Fofana,Shkodran Mustafi,Boubakar Kouyaté,Andrei Girotto,Maxence Lacroix
Calum Chambers,FB,Nacho Monreal,Mario Gaspar,César Azpilicueta,Patrick van Aanholt,Layvin Kurzawa,Mathieu Debuchy,Benjamin Pavard,Davide Faraoni,Ramy Bensebaini,Diogo Dalot
Neco Williams,FB,Reece James,Ben Chilwell,Dani Carvajal,Theo Hernández,Thomas Meunier,Pervis Estupiñán,Alphonso Davies,Zeki Çelik,Renan Lodi,Adrien Truffert
Mbaye Diagne,FW,Darío Benedetto,Florian Niederlechner,Álvaro Negredo,Anthony Lozano,Asier Villalibre,Ludovic Ajorque,Jorge Molina,Jamie Vardy,João Pedro,Andreas Cornelius
Jacob Murphy,FB,Silas Wamangituka,Ridle Baku,Cristian Ansaldi,Nahuel Molina,Solly March,Romain Perraud,Yannick Carrasco,Erik Durm,Marius Wolf,Filip Kostić
Marvelous Nakamba,MF,Fede San Emeterio,Paul Lasne,Haris Belkebla,Yan Brice Eteki,Otávio,Valon Behrami,Romaine Sawyers,Iván Marcone,Isaac Hayden,Carlos Gruezo
John Egan,CB,Sebastiaan Bornauw,Germán Pezzella,Jamaal Lascelles,Dimitris Siovas,Omar Colley,Sebastien De Maio,Willy Boly,Angelo Ogbonna,Keven Schlotterbeck,Gabriel Dos Santos
Billy Gilmour,MF,Jorginho,Harrison Reed,Christoph Kramer,Adrien Silva,Walace,Haris Belkebla,Harry Winks,Amadou Diawara,Douglas Luiz,Paul Lasne
Virgil van Dijk,CB,Lewis Dunk,Jules Koundé,Benoît Mukinayi,Nayef Aguerd,Kurt Zouma,Guillermo Maripán,Leonardo Bonucci,David Luiz,Damien Da Silva,Marquinhos
Jonny Castro,FB,Rubén Peña,Colin Dagba,Jordan Lotomba,Thomas Foket,Mitchell Dijks,Bartosz Bereszyński,Alejandro Pozo Pozo,Pedro Pereira,George Baldock,Kyle Walker-Peters
Mohamed Salah,AM,Marcus Rashford,Raheem Sterling,Sadio Mané,Timo Werner,Karl Toko Ekambi,Kylian Mbappé,Diogo Jota,Riyad Mahrez,Munir El Haddadi,Pablo Sarabia
Joachim Andersen,CB,Jonny Evans,Iñigo Martínez,Yeray Álvarez,Tosin Adarabioyo,Shkodran Mustafi,Marcelo,Duje Ćaleta-Car,Sven Botman,Timothée Kolodziejczak,Paul Baysse
Pepe Reina,GK,Yann Sommer,Thomas Strakosha,Mathew Ryan,Alex Meret,Álvaro Fernández,Alexander Schwolow,Walter Benítez,Gautier Larsonneur,Jean-Louis Leca,Péter Gulácsi
Ainsley Maitland-Niles,FB,Álex Moreno,Renan Lodi,Sergio Reguilón,Pervis Estupiñán,Adam Marušić,Séamus Coleman,Dani Carvajal,Jérôme Roussillon,George Baldock,Pol Lirola
Ainsley Maitland-Niles,MF,Adrien Tameze,Imran Louza,Miha Zajc,Sander Berge,Baptiste Santamaria,Andre-Frank Zambo Anguissa,Habib Maïga,Mikel Vesga,John Lundstram,Nahitan Nández
Kevin De Bruyne,MF,Luis Alberto,Rodrigo De Paul,Lorenzo Pellegrini,David Silva,Houssem Aouar,Mason Mount,Nadiem Amiri,Piotr Zieliński,Sergio Canales,Bernardo Silva
Kevin De Bruyne,AM,Bruno Fernandes,Ángel Di María,Ruslan Malinovskyi,Neymar,Leroy Sané,Lorenzo Insigne,Christopher Nkunku,Hakan Çalhanoğlu,Domenico Berardi,Kingsley Coman
Okay Yokuşlu,MF,Nicolas Höfler,Diadie Samassékou,Jean-Eudes Aholou,Tomás Rincón,Lassana Coulibaly,Declan Rice,Lucas Torró,Ibrahima Sissoko,Oier Sanjurjo,Isaac Hayden
Matt Targett,FB,Rafa Soares,Joseba Zaldúa,Carlos Clerc,Hiroki Sakai,Nacho Vidal,Reinildo Mandava,Ben Davies,Fábio,Jorge Miramón,Ryan Bertrand
Dwight Gayle,FW,Nils Petersen,Darío Benedetto,Patrick Bamford,Giovanni Simeone,Mattia Destro,Arkadiusz Milik,Simone Zaza,Hwang Ui-jo,Paco Alcácer,Che Adams
Dean Henderson,GK,Mike Maignan,Jordan Pickford,Nick Pope,Sergio Asenjo,Yassine Bounou,Ederson,Alban Lafont,Pierluigi Gollini,Jan Oblak,Emiliano Martínez
Granit Xhaka,FB,Kyle Walker,Danilo,Fouad Chafik,Ronaël Pierre-Gabriel,Ben Davies,Youssouf Sabaly,Benjamin Mendy,Elseid Hysaj,Ryan Bertrand,Daley Sinkgraven
Granit Xhaka,MF,Steven Nzonzi,Ander Guevara,Martín Zubimendi,Fabinho,Andrés Guardado,Boubakary Soumaré,Harry Winks,Nemanja Radoja,Pierre Højbjerg,Marten de Roon
Alex Telles,FB,Jorge Miramón,Daniel Brosinski,Djibril Sidibé,Kieran Trippier,Matt Doherty,Miguel Trauco,Vladimír Coufal,Aaron Cresswell,Elseid Hysaj,Christopher Trimmel
Callum Robinson,FW,Boulaye Dia,Sergi Guardiola,Jordan Ayew,Lucas Boyé,José Luis Morales,Joelinton,Mama Samba Baldé,Ondrej Duda,Moussa Koné,David McGoldrick
Callum Robinson,AM,Stephy Mavididi,Takashi Inui,José Luis Morales,Salvi,Bobby Reid,Robin Quaison,Daniel James,Portu,Nathanael Mbuku,Luis Rioja
Fábio Silva,FW,Jhon Córdoba,Callum Wilson,Kevin Lasagna,Jonathan Calleri,Mama Samba Baldé,Antonio Sanabria,Simone Zaza,Kike,Matěj Vydra,Florian Niederlechner
James Tomkins,CB,Xabier Etxeita,Víctor Laguardia,Cala,Germán Sánchez,David García,Federico Fernández,Fali,Joaquín Fernández,Aridane Hernández,Esteban Burgos
Robin Olsen,GK,Hugo Lloris,Rui Patrício,Claudio Bravo,David de Gea,Emiliano Martínez,Łukasz Fabiański,Eiji Kawashima,Alphonse Areola,Robert Sánchez,Kasper Schmeichel
Billy Sharp,FW,Roger Martí,Dani Gómez,Lois Diony,Kévin Gameiro,Shon Weissman,Stefano Okaka,Ángel Rodríguez,Matěj Vydra,Callum Wilson,Oliver Burke
Ruben Loftus-Cheek,AM,Aitor Ruibal,Eric Junior Dina Ebimbe,Matteo Pessina,Nathanael Mbuku,Jóhann Berg Guðmundsson,Samu Castillejo,Moi Gómez,Bobby Reid,Luis Rioja,Miguel Almirón
Japhet Tanganga,FB,Cédric Brunner,Federico Barba,Mikel Balenziaga,Yuto Nagatomo,Loris Benito,Joel Ward,Aihen Muñoz,Dimitri Foulquier,Takehiro Tomiyasu,Juan Cruz Armada
Robin Koch,CB,Martin Hinteregger,John Brooks,Stefan Posch,Rafael Tolói,Lukas Klostermann,Samir Santos,Paweł Dawidowicz,Romain Saïss,Marvin Friedrich,Nikola Milenković
Robin Koch,MF,Vicente Iborra,Uroš Račić,Papakouli Diop,Marshall Munetsi,Pedro Obiang,Rubén Alcaraz,Thomas Delaney,Guido Rodríguez,Lucas Torró,Leander Dendoncker
Nathan Aké,CB,Pablo Marí,Álvaro González,Gerard Piqué,Stefan de Vrij,Guillermo Maripán,Antonio Rüdiger,Çağlar Söyüncü,Gabriel Paulista,Gabriel Dos Santos,Jeison Murillo
Georginio Wijnaldum,MF,Axel Witsel,Toma Bašić,William Carvalho,Saša Lukić,Gonzalo Melero,Karol Linetty,Eduardo Camavinga,Yvan Neyou,John Lundstram,Mattéo Guendouzi
Nemanja Matić,MF,Christoph Kramer,Didier Ibrahim Ndong,Jorginho,Martín Zubimendi,Morgan Schneiderlin,Fernandinho,Boubacar Kamara,Boubakary Soumaré,Idrissa Gana Gueye,Fabinho
Phil Foden,AM,Serge Gnabry,Riyad Mahrez,Ousmane Dembélé,Christian Pulisic,Kingsley Coman,Leroy Sané,Leon Bailey,Karl Toko Ekambi,Pablo Sarabia,Sadio Mané
James Maddison,AM,Dimitri Payet,Hakim Ziyech,Pedro,Florian Thauvin,Ángel Di María,Bruno Fernandes,Riyad Mahrez,Federico Chiesa,Lorenzo Insigne,Filip Đuričić
Jamal Lewis,FB,Alejandro Pozo Pozo,Dimitri Foulquier,Mitchell Dijks,George Baldock,Yuto Nagatomo,Aarón Martín,Phillipp Mwene,Javi Galán,Lorenzo Venuti,Joseba Zaldúa
Hélder Costa,AM,Theo Walcott,Bobby Reid,Édgar Méndez,Yunus Musah,Miguel Almirón,Antonio Puertas,Tete Morente,Samu Castillejo,Nathanael Mbuku,Ander Barrenetxea
Nathan Tella,FW,Joelinton,Lucas Boyé,Jordan Ayew,Ondrej Duda,Oliver Burke,Josh Sargent,Junior Messias,Richarlison,Jay Rodriguez,Boulaye Dia
Jakub Moder,FB,Giorgos Kiriakopoulos,Renan Lodi,Solly March,Nélson Semedo,James Justin,Mert Müldür,Marius Wolf,Dani Carvajal,Ryan Sessegnon,Zeki Çelik
Federico Fernández,CB,Issa Diop,Miloš Veljković,Víctor Laguardia,Javi Sánchez,Jesús Vallejo,Germán Sánchez,Ciaran Clark,Ivan Radovanović,Matija Nastasić,Paulo Oliveira
Naby Keïta,MF,Rafinha,Luka Modrić,Curtis Jones,Federico Valverde,Pedri,Joshua Kimmich,Óliver Torres,Nicolò Barella,Marco Verratti,Remo Freuler
Che Adams,FW,Alexandre Lacazette,Kevin Volland,João Pedro,Pierre-Emerick Aubameyang,Andrea Belotti,Ermedin Demirović,Danny Ings,Eldor Shomurodov,Florian Niederlechner,Roger Martí
Marcos Alonso,FB,Ben Chilwell,Maxwel Cornet,Giovanni Di Lorenzo,Robin Gosens,Theo Hernández,Achraf Hakimi,Nordi Mukiele,Angeliño,Alfonso Pedraza,Ivan Perišić
Pascal Struijk,CB,Diego Llorente,Mattia Bani,Gleison Bremer,Paweł Dawidowicz,Leonardo Balerdi,Alexander Djiku,Giangiacomo Magnani,Samir Santos,Nikola Milenković,Lorenzo Tonelli
Tariq Lamptey,FB,Pol Lirola,Arkadiusz Reca,Wilfried Singo,Pervis Estupiñán,Álex Moreno,Pablo Maffeo,Rayan Aït Nouri,Marius Wolf,Davide Zappacosta,Manuel Lazzari
Grady Diangana,AM,Yunus Musah,Marc Cucurella,Daniel Caligiuri,Renaud Ripart,Ritsu Doan,Aitor Ruibal,Óscar Plano,Nathanael Mbuku,Takashi Inui,Luis Rioja
Tammy Abraham,FW,Olivier Giroud,Simone Zaza,Dominic Calvert-Lewin,Chris Wood,Patrik Schick,Lucas Alario,Youssef En-Nesyri,Jean-Philippe Mateta,Kevin Lasagna,Christian Benteke
João Moutinho,MF,Kevin Kampl,Oriol Romeu,Sandro Tonali,Oliver Norwood,Andrés Guardado,Sergio Busquets,Ismaël Bennacer,Koke,Matteo Ricci,Daniel Parejo
Victor Lindelöf,CB,Raúl Albiol,Andreas Christensen,Álvaro González,Stefan de Vrij,Eric Bailly,Néstor Araujo,Stefan Savić,Paul Baysse,Kostas Manolas,Gabriel Paulista
Oliver Burke,FW,Jay Rodriguez,Sergi Guardiola,Enes Ünal,Josh Sargent,Callum Wilson,Lois Diony,Dani Gómez,Roger Martí,Matěj Vydra,Lucas Boyé
Jóhann Berg Guðmundsson,AM,Luis Rioja,Allan Nyom,Bobby Reid,Óscar Plano,Salvi,Josh Brownhill,Nathanael Mbuku,Yunus Musah,Marc Cucurella,Renaud Ripart
Toby Alderweireld,CB,Daniel Congré,Joaquín Fernández,Eric Dier,Danilo Larangeira,Iñigo Martínez,Óscar Duarte,Paul Baysse,Mouctar Diakhaby,Kostas Manolas,Yeray Álvarez
Takumi Minamino,AM,Bobby Reid,Daniel James,Robin Quaison,Richarlison,Stephy Mavididi,Édgar Méndez,Renaud Ripart,Jonathan Ikone,João Pedro,Eric Junior Dina Ebimbe
Héctor Bellerín,FB,Kieran Tierney,Leo Dubois,Rogério,Timothy Castagne,Yuri Berchiche,Sergio Reguilón,Jérôme Roussillon,Pol Lirola,Benjamin Mendy,Adrien Truffert
Jonny Evans,CB,Joachim Andersen,Benoît Mukinayi,Paul Baysse,Duje Ćaleta-Car,Harry Maguire,Unai Núñez,Iñigo Martínez,Damien Da Silva,Óscar Duarte,Matthias Ginter
Richarlison,FW,Joelinton,Lucas Höler,Danny Ings,Junior Messias,Josh Sargent,Randal Kolo Muani,Eldor Shomurodov,David McGoldrick,Mama Samba Baldé,José Luis Morales
Richarlison,AM,Roland Sallai,Anwar El Ghazi,Trézéguet,Denis Bouanga,Gaëtan Laborde,Dodi Lukebakio,Robin Quaison,João Pedro,Yoane Wissa,Moses Simon
Hal Robson-Kanu,FW,Dani Gómez,Sergi Guardiola,Shon Weissman,Kasper Dolberg,Lucas Boyé,Moussa Koné,Jaime Mata,Boulaye Dia,Raúl Jiménez,Stefano Okaka
James Justin,CB,Rafael Tolói,Emre Can,Stefan Posch,Bryan Cristante,César Azpilicueta,Marcel Halstenberg,Óscar Mingueza,Moussa Niakhate,Lukas Klostermann,Martin Hinteregger
James Justin,FB,Sergio Reguilón,Stefan Lainer,Davide Calabria,Ryan Sessegnon,Zeki Çelik,Hassane Kamara,Mert Müldür,Nélson Semedo,Romain Perraud,Timothy Castagne
Luke Thomas,FB,Jonathan Schmid,Iago,Sergio Reguilón,Ryan Sessegnon,Séamus Coleman,Matteo Darmian,Ander Capa,Stefan Lainer,Oscar Wendt,Peter Pekarík
Dwight McNeil,AM,Andros Townsend,Daniel Caligiuri,David Ferreiro,Jean-Paul Boëtius,Rubén García,Luis Rioja,Marc Cucurella,Ridle Baku,Yunus Musah,Alex Iwobi
Conor Hourihane,MF,Ángel Montoro,Davy Klaassen,Carlos Soler,Gylfi Sigurðsson,Benjamin Bourigeaud,Florent Mollet,Jonjo Shelvey,Jordan Veretout,Giacomo Bonaventura,Mattias Svanberg
Kieran Tierney,CB,Bryan Cristante,Emre Can,David Alaba,Rafael Tolói,Marcel Halstenberg,Martín Cáceres,Moussa Niakhate,César Azpilicueta,Alessandro Bastoni,Lukas Klostermann
Kieran Tierney,FB,Borna Sosa,Héctor Bellerín,Cédric Soares,Jérôme Roussillon,Leo Dubois,Pol Lirola,Andrew Robertson,Kenny Lala,Cristiano Biraghi,Maxwel Cornet
Davy Pröpper,MF,Tobias Strobl,Ibrahima Sissoko,Artur Ioniță,Moussa Sissoko,Jack Cork,Josh Brownhill,Raúl Guti,Ivan Ilić,Unai Vencedor Paris,José Mari
Vladimír Coufal,FB,Ludwig Augustinsson,Lucas Digne,Christopher Trimmel,Juan Miranda,Nacho,Sébastien Corchia,Christopher Lenz,Mario Gaspar,Rubén Duarte,Conor Townsend
Kai Havertz,MF,Antonín Barák,Giacomo Bonaventura,Seko Fofana,Christoph Baumgartner,Piotr Zieliński,Houssem Aouar,Alexis Claude-Maurice,Roberto Pereyra,Lorenzo Pellegrini,David Silva
Kai Havertz,FW,Amine Gouiri,Ángel Correa,Ihlas Bebou,Antoine Griezmann,Rodrigo Palacio,Roberto Firmino,Lucas Höler,Florian Sotoca,Iago Aspas,Musa Barrow
Kai Havertz,AM,Christopher Nkunku,Antoine Griezmann,Amine Gouiri,Nicolas Pépé,Munir El Haddadi,Marco Reus,Musa Barrow,Bukayo Saka,Harvey Barnes,Riccardo Orsolini
Mark Noble,MF,Jacopo Petriccione,Ashley Westwood,Sandro Tonali,Răzvan Marin,Jordan Ferri,Pedro Chirivella,Ángel Montoro,Pasquale Schiattarella,Matteo Ricci,John Fleck
Mark Noble,AM,Manu Trigueros,Bersant Celina,Moi Gómez,Denis Suárez,Eberechi Eze,Roberto Torres,Martin Ødegaard,Jóhann Berg Guðmundsson,Dwight McNeil,Stuart Armstrong
Anwar El Ghazi,AM,João Pedro,Richarlison,Roland Sallai,Munir El Haddadi,Harvey Barnes,Bertrand Traoré,Ferrán Torres,Mason Greenwood,Musa Barrow,Riccardo Orsolini
Islam Slimani,FW,Sasa Kalajdzic,Ollie Watkins,Wout Weghorst,Robert Lewandowski,André Silva,Álvaro Morata,Gianluca Lapadula,Ciro Immobile,Kevin Volland,Antoine Griezmann
